requests,latency_ms,errors
00001,192.21890190345613,0
00002,237.10442970623617,0
00003,200.31273859012876,0
00004,203.46467324671968,0
00005,207.24168458809882,0
00006,194.00740932942333,0
00007,232.65543149003102,0
00008,181.03995325444856,0
00009,176.82054217039192,0
00010,165.71208254433228,0
00011,194.9251600717802,0
00012,232.90176821455776,0
00013,209.33178936900876,0
00014,173.04486319402042,0
00015,195.59418087456373,0
00016,162.97710462138588,0
00017,196.92275130371192,0
00018,173.27661847733526,0
00019,201.16035317215642,0
00020,208.1283706451411,0
00021,224.86204972637825,0
00022,194.39222566954146,0
00023,198.4758028350962,0
00024,227.95845817516513,0
00025,205.5142556975901,0
00026,185.66044001750666,0
00027,225.4635578476187,0
00028,176.43729438128597,0
00029,176.54586863028996,0
00030,200.3105054909493,0
00031,179.01359211479567,0
00032,167.11925179920146,0
00033,174.70514052784878,0
00034,216.1335000455919,0
00035,210.63321893800145,0
00036,221.69040424734317,0
00037,201.15581922600563,0
00038,196.5900386292367,0
00039,180.15292841159624,0
00040,176.43913470918645,0
00041,216.3458826860878,0
00042,223.90357260024655,0
00043,197.50397258029503,0
00044,171.5900459213269,0
00045,172.7373321034714,0
00046,205.95933407380286,0
00047,199.00684051766584,0
00048,187.50390262893464,0
00049,210.855242548185,0
00050,189.62245453292599,0
00051,205.3431735145917,0
00052,196.92278889611288,0
00053,192.65001007097797,0
00054,234.17304551603223,0
00055,224.38166733641825,0
00056,226.383126844207,0
00057,214.15490246621238,0
00058,186.64329507494332,0
00059,213.49308894293867,0
00060,233.38370144243726,0
00061,170.6919755502552,1
00062,174.39418776289466,0
00063,178.75810227482538,0
00064,223.2952237545204,0
00065,189.46011161242367,0
00066,202.80828544039545,0
00067,206.03533205645397,0
00068,201.05088987877818,0
00069,197.5792290432324,0
00070,203.93110342438897,0
00071,177.07682294243506,0
00072,206.68949239813776,0
00073,239.41536091185998,0
00074,205.5359533069173,0
00075,185.51165608361921,0
00076,237.0911253955902,0
00077,192.0987610574096,0
00078,183.95936349101714,0
00079,174.7233792277657,0
00080,204.83534641503667,0
00081,167.08551645775458,0
00082,198.44023901711296,0
00083,199.11256862998593,0
00084,206.20383951325798,0
00085,194.34057003469695,0
00086,160.18227065267916,0
00087,214.04640310052955,0
00088,194.89812504998145,0
00089,218.6520275243359,0
00090,182.55805998753974,0
00091,212.52442867174568,0
00092,184.77799012681365,0
00093,163.5263545206423,0
00094,200.18657211311034,0
00095,198.5970729131315,0
00096,162.17563850068103,0
00097,227.89419563151532,0
00098,194.66876371910922,0
00099,190.8293784301862,0
00100,196.27757828317172,0
00101,201.26112754485823,0
00102,211.96112031444184,0
00103,173.71613244837005,0
00104,184.8316335361185,0
00105,195.53194744448743,0
00106,208.79763883556848,0
00107,167.7085228896141,0
00108,216.4024759853836,0
00109,230.25703070226598,0
00110,200.3057587728671,0
00111,190.12503185744964,0
00112,179.31598359005403,1
00113,181.55672723084373,0
00114,213.53997038818557,0
00115,218.94583574370063,0
00116,183.75978416477756,0
00117,217.2309918525347,0
00118,163.81409715915086,0
00119,209.21347267812618,0
00120,200.72415033271216,0
00121,219.03485585636983,0
00122,216.78996294499132,0
00123,175.6133343160859,0
00124,168.94032261403572,0
00125,189.0102006258448,0
00126,213.46393408861226,0
00127,168.5022008397946,0
00128,207.16118298671094,0
00129,167.59016669817316,0
00130,225.11368429969193,0
00131,202.92853803620318,0
00132,181.30804569494327,0
00133,193.40415200402836,0
00134,196.97939383761403,0
00135,223.84090929047392,0
00136,195.66445142503272,0
00137,251.83919829126978,0
00138,210.99464326453293,0
00139,209.57328425371028,0
00140,196.21519588784744,0
00141,213.79726886626824,0
00142,191.936035595459,0
00143,213.64867171008999,0
00144,239.9491273278453,0
00145,146.3185992983246,0
00146,210.33739429444537,0
00147,193.27006820891648,0
00148,181.96778620612622,0
00149,205.1456590452888,0
00150,196.82418593924956,0
00151,164.34145301057885,0
00152,193.21537373608166,0
00153,215.63513545465725,0
00154,186.62943210368894,0
00155,189.43280773202525,0
00156,202.29903697276663,0
00157,193.94643516453246,0
00158,212.22661201266988,0
00159,197.61479401499025,0
00160,219.73443171367518,0
00161,179.13944013456677,0
00162,203.1764244086985,0
00163,182.51674121577588,0
00164,207.35595387342426,0
00165,228.44744032031932,0
00166,199.23926425927723,0
00167,222.26103807215398,0
00168,216.23369116153125,0
00169,191.65767107246003,0
00170,192.034364369295,0
00171,193.6819515771192,0
00172,197.5064834501293,0
00173,177.5824882640476,0
00174,201.2766676687198,0
00175,197.882369567059,0
00176,214.22862159393617,0
00177,214.01841675163038,0
00178,147.4248381546764,0
00179,234.32099180807975,0
00180,173.62147324480216,0
00181,162.19147201168775,0
00182,180.4529125065277,0
00183,186.7430931541689,0
00184,211.91457115576637,0
00185,214.26747097884933,0
00186,179.69787693915333,0
00187,225.74989744490478,0
00188,215.79499314095946,0
00189,208.0648993216086,0
00190,216.77591155220196,0
00191,226.74519974166094,0
00192,227.4943242311872,0
00193,162.10108584685935,0
00194,189.92004308541908,0
00195,197.2436344230043,0
00196,179.06904395005813,0
00197,169.84878000409992,0
00198,202.42517162238238,0
00199,224.8048313522922,0
00200,210.38296954352663,0
00201,180.36133934107684,0
00202,193.64075965228903,0
00203,195.26186618526532,0
00204,262.78868396011717,0
00205,201.55659127318097,0
00206,190.62216564102044,0
00207,238.3572341701423,0
00208,186.16774834750646,0
00209,184.01666313640587,0
00210,201.42163225865076,0
00211,192.69317715012454,0
00212,200.58713058210458,0
00213,201.29354915601598,0
00214,211.58788348759649,0
00215,207.03535054683883,0
00216,196.16135191279704,0
00217,237.33444480467236,0
00218,235.96622610648132,0
00219,247.27360195674498,0
00220,199.3284990140555,0
00221,205.22568708268756,0
00222,202.83955014248644,0
00223,211.2844074054857,0
00224,185.95517996607947,0
00225,203.35389980978394,0
00226,220.0682642608656,0
00227,229.64461959725014,0
00228,236.85763981506219,0
00229,216.75483341222963,0
00230,209.48645402237793,0
00231,189.24430941282424,0
00232,203.7430164889266,0
00233,223.89602640507783,0
00234,160.3433093901073,1
00235,202.79209970145038,0
00236,197.9370984910577,0
00237,219.53136977509817,0
00238,169.76051251317529,0
00239,214.76721293384244,0
00240,178.80320332045318,0
00241,217.70490702275777,0
00242,174.63444883674066,0
00243,180.30603957672224,0
00244,205.68191493460677,0
00245,204.7855318751238,0
00246,167.48503400793658,0
00247,187.12017650920015,0
00248,188.93604604715932,0
00249,185.02724582067478,0
00250,223.30993143165324,0
00251,215.1376563661354,0
00252,209.94593360613024,0
00253,213.51592359910728,0
00254,162.2153890103368,0
00255,213.6094120932615,0
00256,222.7686559787611,0
00257,179.27640864704858,0
00258,191.30938691747733,0
00259,241.25925449038715,0
00260,214.80844222632376,0
00261,217.4650091850585,0
00262,199.72423282258336,0
00263,232.67527697704463,0
00264,227.2024368028961,0
00265,204.26758997972038,0
00266,179.07399634832163,0
00267,192.4654642139258,0
00268,165.89005211603197,0
00269,182.59969951359528,0
00270,222.71101550174927,0
00271,187.39270229506113,0
00272,199.500960277542,0
00273,172.24293543871548,0
00274,200.0543311075984,0
00275,188.78147563827733,1
00276,192.93182150492774,0
00277,173.24941119333954,0
00278,203.28501459824167,0
00279,205.93651692890694,0
00280,203.7766051108464,0
00281,196.224070307009,0
00282,193.7152283708609,0
00283,209.34593449875402,0
00284,218.44824033630198,0
00285,210.42259561823087,0
00286,216.35876462659664,0
00287,217.06849039653088,0
00288,197.81137874535278,0
00289,174.94161113097832,0
00290,204.7170590638971,0
00291,183.77613019331585,0
00292,228.5625551494218,0
00293,240.50037744152462,0
00294,200.35924740986803,0
00295,193.1022050253214,0
00296,187.56241409093397,0
00297,224.72929595468642,0
00298,215.1961297494022,0
00299,179.61581231495722,0
00300,207.59626270325978,0
00301,176.13377019738476,0
00302,219.22445826602683,0
00303,207.40458260452286,0
00304,202.435318068441,0
00305,177.6968729329704,0
00306,204.71803311480022,0
00307,221.1433879350504,0
00308,181.0791332419027,0
00309,175.83959056389756,0
00310,211.40663730453252,0
00311,190.82576788559456,0
00312,225.25508726943931,0
00313,170.37313721635974,0
00314,233.81806630177493,0
00315,175.34145900206028,0
00316,191.39763030630974,0
00317,183.61454920199176,0
00318,198.15069603667772,0
00319,183.84151310864752,0
00320,203.3318020727957,0
00321,234.22641618608668,0
00322,177.47389521431512,0
00323,182.6204291018044,0
00324,203.92207751832836,0
00325,197.8294309959561,0
00326,211.30840392610662,0
00327,197.21011079569737,0
00328,222.15540617024175,0
00329,245.08059975921992,0
00330,185.72854890441442,0
00331,202.60643275325495,0
00332,205.5024331253689,0
00333,193.85076933712088,0
00334,195.3981379870275,0
00335,195.11593322265526,0
00336,218.4711730051389,0
00337,191.60562897394556,0
00338,170.08422842937875,0
00339,250.62262210874633,0
00340,205.68535776641878,0
00341,170.07216070458483,0
00342,224.7293063851224,0
00343,217.89081619957062,0
00344,211.62329110184655,0
00345,201.467583239512,0
00346,216.8579083502077,0
00347,198.2066572965311,0
00348,192.31323696958106,0
00349,196.09314530878967,0
00350,225.94597551906125,0
00351,233.6428249235447,0
00352,204.17700617946883,0
00353,228.88608724471865,1
00354,204.5554098220679,0
00355,205.1178568386489,0
00356,203.9405942210201,0
00357,189.12307696115602,0
00358,216.28094526013942,0
00359,213.78534788475176,0
00360,205.2478220018455,0
00361,201.85913119406783,0
00362,223.5064833864139,0
00363,195.708921183427,0
00364,191.79003308603936,0
00365,197.87910812395032,0
00366,192.83169491054218,0
00367,181.71536551092106,0
00368,207.84847998782942,0
00369,201.5732946586843,0
00370,207.0394983143114,0
00371,190.83828443382976,0
00372,167.79989004081614,0
00373,234.31219517878688,0
00374,232.0678519178228,0
00375,218.9149217409969,0
00376,178.44354365979274,0
00377,197.3041987986893,0
00378,185.96822031768139,0
00379,210.76393771543587,0
00380,184.8399646109215,0
00381,207.2759670827187,0
00382,160.78274301089692,0
00383,197.53041864726865,0
00384,189.28622281978218,0
00385,209.55569220483562,0
00386,185.0531676757343,0
00387,210.94762585628956,0
00388,206.62263948803724,0
00389,226.55082034891706,0
00390,199.43714336160755,0
00391,196.53652965557393,0
00392,175.29023463629122,0
00393,174.99888707614036,0
00394,165.1037199187206,0
00395,183.29037560461558,0
00396,199.94795466095295,0
00397,189.58348131769972,0
00398,184.08130666774895,0
00399,197.17977781148866,0
00400,205.26439927994898,0
00401,201.62031334153647,0
00402,195.62975380234832,0
00403,212.83998344054325,0
00404,194.81919845871,0
00405,215.68162497672694,0
00406,196.46996644970122,0
00407,163.8217335471857,0
00408,183.1871494418296,0
00409,199.99320456680778,0
00410,175.56648482274267,0
00411,225.6938614587449,1
00412,219.42870117215514,1
00413,238.45571208696583,0
00414,198.76980597325536,0
00415,192.31227825989066,0
00416,252.446586307614,0
00417,206.4131924255495,0
00418,154.17504037816173,0
00419,236.75218689669026,0
00420,192.62099790691465,1
00421,146.3644552893531,1
00422,167.89613914393107,0
00423,207.59667238025554,0
00424,201.04475348168776,0
00425,167.29717747912247,0
00426,157.55987192408452,0
00427,216.6321787844929,0
00428,207.62832016612617,0
00429,206.57750461908788,0
00430,213.84208941522056,0
00431,201.41410104669276,0
00432,222.91855972639206,0
00433,167.88788864099703,0
00434,191.06973101382033,0
00435,211.50162254954836,0
00436,178.82429352063818,0
00437,204.57857483631264,0
00438,219.2627153322742,0
00439,165.06840361184567,0
00440,204.08435172845014,0
00441,216.19979562262102,0
00442,217.79468150086464,0
00443,199.4508311666876,0
00444,190.958395287972,0
00445,195.17876258074813,0
00446,206.36704989341868,0
00447,165.22695476898684,0
00448,195.38846529052444,0
00449,200.67844688737512,0
00450,224.7640502641807,0
00451,202.7989781094953,0
00452,197.890946320049,0
00453,210.6106210682953,0
00454,191.61514385315726,0
00455,191.94169195600915,0
00456,187.7101164048686,0
00457,232.8915235425473,0
00458,196.10385514564885,0
00459,205.945247016341,0
00460,200.30577886407286,0
00461,193.74115523813524,0
00462,239.55316850164547,0
00463,223.36068065019393,0
00464,205.27640823223544,0
00465,224.56944036270605,0
00466,226.71889740730305,0
00467,186.75407166768147,0
00468,203.51896785174344,0
00469,202.71490625882993,0
00470,206.1703197580241,0
00471,224.45926082872452,0
00472,190.4031245484985,0
00473,224.48469205381286,0
00474,203.34073858994353,0
00475,175.15123258014972,0
00476,231.7824346866351,0
00477,193.03713687038444,0
00478,225.839432620659,0
00479,177.6202199317601,0
00480,224.35693031678528,0
00481,165.440489930218,0
00482,173.9152191791915,0
00483,211.9193001341398,0
00484,187.2682025147223,0
00485,211.45423271447555,0
00486,168.8901591340534,0
00487,210.33096747275908,0
00488,185.69387410014437,0
00489,216.59420884625132,0
00490,236.32369680332738,0
00491,207.63710763003758,0
00492,174.73943516518597,0
00493,199.22743906159232,0
00494,198.67633074252248,0
00495,160.94852431034172,0
00496,198.5350421624986,0
00497,183.3535957216362,0
00498,247.97847765179472,0
00499,200.1908795843446,0
00500,198.92886232432116,0
00501,198.27888841216878,0
00502,197.4117607066317,0
00503,208.93032533343236,0
00504,189.71177974575716,0
00505,171.69933683398395,0
00506,209.68925639068638,0
00507,184.24326786113545,1
00508,252.40429461661788,0
00509,176.7339394550852,0
00510,210.6248053896475,0
00511,242.46749619894246,0
00512,180.89731557314659,0
00513,176.28703186632598,0
00514,191.8848552685473,0
00515,185.06743883157492,0
00516,212.68113075449983,0
00517,175.28453966241264,0
00518,202.85552004177916,0
00519,226.56521502570104,0
00520,182.3158377497885,0
00521,157.50808727746377,0
00522,204.34602073440894,0
00523,186.61723856736705,0
00524,193.36557096995728,0
00525,224.90898553807642,0
00526,242.09930312223287,0
00527,173.33165869860738,0
00528,156.8389240935661,0
00529,226.7461954203427,0
00530,210.35140578216308,0
00531,185.34037274688842,0
00532,201.18650745910378,0
00533,205.16621203289236,0
00534,188.26370657150795,0
00535,226.04260185755,0
00536,207.6988546671313,0
00537,210.01766027603006,0
00538,193.3311110407677,1
00539,188.04822664756287,0
00540,230.30028627043777,0
00541,216.60838420862163,0
00542,205.01882635859792,0
00543,191.00752406299372,0
00544,177.63715130192594,0
00545,167.20058833521387,0
00546,203.56254401256646,0
00547,191.82782164146775,0
00548,209.14490673141282,0
00549,200.51000950479835,0
00550,208.21176375102425,0
00551,195.00283727555555,0
00552,190.06013677322576,0
00553,191.51556877481286,0
00554,173.98977831457054,0
00555,188.20623691479324,0
00556,165.71996488148292,0
00557,257.3510310213828,0
00558,207.0752381510459,0
00559,168.46257956209902,0
00560,183.79687113712714,0
00561,199.23533407712912,0
00562,207.91711107743612,0
00563,172.3165749199424,0
00564,195.50023145934225,0
00565,216.42250568284052,0
00566,193.38625390734788,0
00567,204.65574595287498,0
00568,164.7699168222295,0
00569,166.01223062396124,0
00570,203.39778286643596,0
00571,177.16488234263397,0
00572,202.78176892213688,0
00573,156.2860570109704,0
00574,214.15229963478293,0
00575,215.9656678483593,0
00576,198.40083912911285,0
00577,182.88090225657646,0
00578,218.61697606392903,0
00579,189.2133990576449,0
00580,207.38634540307973,0
00581,220.8193004367455,0
00582,196.74534233589597,0
00583,191.5373954486133,0
00584,204.482686236678,0
00585,215.47811158398076,0
00586,224.07786230696797,0
00587,221.42041981205907,0
00588,191.910106088079,0
00589,212.6035781350137,0
00590,166.2903277035766,0
00591,194.46538264145573,0
00592,210.18832817274333,0
00593,218.63714652013564,0
00594,180.0016691705264,0
00595,206.70824686612275,0
00596,198.49289199665603,0
00597,147.1396009616199,0
00598,180.14063987425152,0
00599,197.12758311778828,0
00600,213.51102763583893,0
00601,188.5781992885443,0
00602,210.88667116803595,0
00603,237.64455136773475,0
00604,238.2246138014147,0
00605,213.4261560369881,0
00606,207.4634422842685,0
00607,195.54005013347268,0
00608,233.86882285280663,0
00609,191.16269291950277,0
00610,173.66746997873804,0
00611,203.2694217072964,0
00612,209.90213142358073,0
00613,188.5735138951412,0
00614,209.84054856880854,0
00615,227.85960149701478,0
00616,202.79288900862147,0
00617,212.7600850970762,0
00618,190.6076555640042,0
00619,225.00435412925225,0
00620,227.25246305320115,0
00621,219.19118745878816,0
00622,205.32118587130176,0
00623,157.14763397763576,0
00624,194.0944629242267,0
00625,216.65602875200796,0
00626,230.7998339084438,0
00627,143.435959249638,0
00628,172.51603342131708,0
00629,224.22697562821347,0
00630,213.7565211760479,0
00631,218.71273197571014,0
00632,227.43148182808827,0
00633,214.23621586903684,0
00634,204.1427641519276,0
00635,197.3528801684611,0
00636,193.06845940399853,0
00637,203.24820488732297,0
00638,207.21663555498316,0
00639,243.9961238265852,0
00640,205.8702541821788,0
00641,186.85655212636254,0
00642,242.7988324118044,0
00643,194.9107361662741,0
00644,221.37646726479477,0
00645,191.14213725811734,0
00646,189.59599773151578,0
00647,223.36912454134708,0
00648,209.24628425555278,0
00649,207.572352613768,0
00650,219.19010442084237,0
00651,206.7090384730894,0
00652,194.25055000521317,0
00653,207.31100148722712,0
00654,198.640404398159,0
00655,227.81085782858045,0
00656,143.4873604933882,0
00657,201.2723226060366,0
00658,198.73939565677495,0
00659,203.3093613243973,0
00660,240.41601342006533,0
00661,161.79471208169838,0
00662,224.91968510448592,0
00663,221.2181761635705,0
00664,177.49327071788915,0
00665,191.71885939744817,0
00666,210.80396205360674,0
00667,195.15251766531915,1
00668,206.02101890014114,0
00669,172.68465000351316,0
00670,185.97137019973997,0
00671,193.25226065322914,0
00672,162.8367080399774,0
00673,226.52812795283734,0
00674,196.7155145878529,0
00675,215.63372920423828,0
00676,202.82612899728352,0
00677,163.70471706265823,0
00678,172.67001812034138,0
00679,184.12249033928853,0
00680,205.91231530724903,0
00681,242.2910515898184,0
00682,185.36648732755688,0
00683,188.12087298160841,0
00684,191.8255568470813,0
00685,178.30373122227533,0
00686,205.02684142797335,0
00687,200.4723411928094,0
00688,205.8621901347251,0
00689,179.68131814361502,0
00690,181.22696459874135,0
00691,205.75429371604704,0
00692,217.62485164295114,0
00693,224.90247251934932,0
00694,180.30693002570797,0
00695,160.77512366860202,0
00696,178.36084817180176,0
00697,203.6988298836539,0
00698,173.6230947592059,0
00699,207.8350719676228,0
00700,169.4393090930967,0
00701,211.38120577635155,0
00702,222.1401687342352,0
00703,224.2773067128319,0
00704,228.7364478058352,0
00705,204.8763930163904,0
00706,191.61349223518067,0
00707,216.52358721989393,0
00708,207.19001724615245,0
00709,150.113481543165,0
00710,227.06723411732168,0
00711,204.94639846499362,0
00712,203.60677579274716,0
00713,205.86987392530435,0
00714,176.28432884986557,0
00715,142.0067662704617,0
00716,194.209178606604,0
00717,209.03981394263798,0
00718,212.57809250800415,0
00719,204.06926049843312,0
00720,233.4112408093969,0
00721,195.87602768357834,0
00722,183.95491515804173,0
00723,185.9432319596006,0
00724,227.03895126997614,0
00725,200.41136793025115,0
00726,179.8540771770848,0
00727,185.52108898039535,0
00728,205.75612101035108,0
00729,198.64692134565587,0
00730,193.19513394852157,0
00731,202.55473712142634,0
00732,193.54380562577416,0
00733,194.9762467826141,0
00734,188.26298405767164,0
00735,227.23757747302946,0
00736,189.28587689988456,0
00737,196.0584035548267,0
00738,228.19158698718485,0
00739,211.19774250756757,0
00740,216.18503908994145,0
00741,222.8783147534499,0
00742,197.41306659117322,0
00743,195.92293108806066,0
00744,210.22545646895742,0
00745,213.45167566773347,0
00746,169.82171315758202,0
00747,222.28201302810604,0
00748,177.7105739281155,0
00749,206.5529215980979,0
00750,168.79958949235555,0
00751,195.88578029806595,0
00752,213.8354083197129,0
00753,184.82372705793722,0
00754,218.16964318177256,0
00755,175.68307122756912,0
00756,164.37669410173135,0
00757,212.02731856917183,0
00758,204.1071517170824,0
00759,215.08401881938437,0
00760,214.9170919041458,0
00761,203.86693333861362,0
00762,189.5764764730632,0
00763,198.185663734858,0
00764,205.56107705324453,0
00765,197.02527334515204,0
00766,209.11285514816177,0
00767,230.61532237917152,0
00768,240.91056626221072,0
00769,251.03967321778043,0
00770,181.9777142736487,0
00771,218.10498650729656,0
00772,215.53867613465658,0
00773,209.24726699525618,0
00774,217.50358661955838,0
00775,213.76931452118788,0
00776,177.5453199638278,0
00777,214.55665144126294,0
00778,232.29263388421515,0
00779,230.53404069753856,0
00780,176.78642543761075,0
00781,176.4564888409537,0
00782,228.45225971728917,0
00783,168.1551850079277,0
00784,189.74596944029608,0
00785,201.17934837898846,0
00786,205.192809270823,0
00787,194.10394004366543,0
00788,213.6210542075079,0
00789,165.1213352966824,0
00790,209.37613562189216,0
00791,198.302549364048,0
00792,214.24792060153908,1
00793,209.54365242027745,0
00794,191.50855842400298,0
00795,202.04547762165146,0
00796,223.84832045923196,0
00797,186.3225774560864,0
00798,175.75927135920654,0
00799,223.63859367541932,0
00800,167.4668950197916,0
00801,241.66957983970434,0
00802,202.73353246893743,0
00803,212.1926567148309,0
00804,192.49107018715807,0
00805,204.56884713276133,0
00806,201.30906312588863,0
00807,193.3688076960701,0
00808,199.3342014466779,0
00809,217.7836823878768,0
00810,199.10252756942631,0
00811,198.46489206475343,0
00812,219.55321742202653,0
00813,220.35861554367287,0
00814,206.96481147585467,0
00815,186.16012700954252,0
00816,171.9055206662477,0
00817,213.3278385909096,0
00818,178.86591690550563,0
00819,219.2331481499872,0
00820,169.72469743666994,0
00821,206.06477572340958,0
00822,199.47013100556435,0
00823,203.73750577478648,0
00824,199.8678069934178,0
00825,179.7408746743903,0
00826,184.71696935181197,0
00827,199.3541010433079,0
00828,219.57039397344863,0
00829,177.96268615225517,0
00830,179.99608145353153,0
00831,234.85155143433389,0
00832,209.5906734789125,0
00833,208.90267010561996,0
00834,193.9993869830736,0
00835,275.02075430101775,0
00836,250.05874423964573,0
00837,176.89304049966873,0
00838,179.24017777287838,0
00839,190.714769634541,0
00840,222.99795699502576,0
00841,232.40133763170257,0
00842,235.64266752335976,0
00843,190.11344156921123,0
00844,213.29878083439843,0
00845,195.25281935274722,0
00846,185.67192591596913,0
00847,197.3017981681972,0
00848,210.67446477261038,0
00849,209.71227736128097,0
00850,222.07014158116667,0
00851,162.69295659644484,0
00852,227.4282419488457,0
00853,201.50262437886278,0
00854,211.95511178671123,0
00855,199.89419241288184,0
00856,217.3950700233378,0
00857,196.5660441036789,0
00858,179.1132368237845,0
00859,228.62526827715297,0
00860,218.62485564714754,0
00861,196.65487954158323,0
00862,154.20839250492008,0
00863,211.35068396128486,0
00864,210.65076830564942,0
00865,227.390408689694,0
00866,185.98283043789667,1
00867,187.7848948489156,0
00868,213.1867935130537,0
00869,178.469114555596,0
00870,194.03498036357732,0
00871,207.06699522847157,0
00872,199.7414823556892,0
00873,195.5715890152979,0
00874,181.10999352523893,0
00875,215.03969512795254,0
00876,184.4201314064768,0
00877,193.8925243017272,0
00878,192.4132437729646,0
00879,153.67625929236755,0
00880,187.81799529251822,0
00881,227.66261340414204,0
00882,202.1439073651949,0
00883,189.77882106616073,0
00884,215.3700589812078,0
00885,202.07161758802656,0
00886,207.88209555759477,0
00887,194.77026396750819,0
00888,206.4644068588981,0
00889,212.19159041470226,0
00890,219.75555915877638,0
00891,216.4889029628397,0
00892,210.92924695309702,0
00893,184.42918690480568,0
00894,236.00959892394164,0
00895,194.41210156887252,0
00896,202.21513582643564,0
00897,204.4472330701845,0
00898,184.8278105939891,0
00899,191.5374817806015,0
00900,170.3037286292094,0
00901,208.27310834909352,0
00902,191.44768005045367,0
00903,210.1400687432012,0
00904,233.74622471577803,0
00905,178.12205721950883,0
00906,239.66416836711514,0
00907,188.6127095315332,1
00908,174.778374070106,0
00909,243.04165270107666,0
00910,203.18310109301586,0
00911,206.50353976807867,0
00912,189.41808441843273,0
00913,197.876557873153,0
00914,203.99360073403193,0
00915,209.43720119486554,0
00916,207.56561543644193,0
00917,187.50960970460696,0
00918,178.63519293830703,0
00919,173.830156254058,0
00920,212.99240349917906,0
00921,197.78349047397145,0
00922,224.27610452083943,0
00923,177.18995854788494,0
00924,193.24973987017353,0
00925,246.03137783077065,0
00926,199.55044069919043,0
00927,219.37821342590536,0
00928,220.00896627969777,0
00929,181.87352952461015,0
00930,178.90282351478945,0
00931,183.57225206563845,0
00932,198.0001335243559,0
00933,169.73033752152207,0
00934,231.16781401453883,0
00935,233.83071704499343,0
00936,197.71124406453208,0
00937,209.1688184164881,0
00938,203.50800599329838,0
00939,181.5993894124755,0
00940,199.73421096118975,0
00941,210.32534995588512,0
00942,175.47641259231267,0
00943,223.77758467642175,0
00944,184.86652569653413,0
00945,217.04023148581504,0
00946,192.23802755434136,0
00947,214.00694761245475,0
00948,183.92039571228074,0
00949,223.82200491903393,0
00950,198.03388771228245,0
00951,194.93034911362818,0
00952,172.6570375238125,0
00953,181.29772402944698,0
00954,174.21945464503005,0
00955,219.13243059125966,0
00956,176.8951262409072,0
00957,160.70570916780537,0
00958,168.4053761370289,0
00959,196.96505037983889,0
00960,195.52522981742516,0
00961,166.95777128713888,0
00962,170.06067212554453,0
00963,194.75129963687831,0
00964,175.78998528167938,0
00965,183.60504825811944,0
00966,233.291768519131,0
00967,152.29798799465433,0
00968,191.82131356162608,0
00969,219.66549338401842,0
00970,228.93251563407088,0
00971,197.32728925205984,0
00972,236.56382277646253,0
00973,241.7339877087031,0
00974,171.97261829543731,0
00975,216.94099251509624,0
00976,235.88473337694006,0
00977,190.95767307266897,0
00978,210.42244485905744,0
00979,190.46852919386427,0
00980,207.83417506529378,0
00981,170.67856706288276,1
00982,227.93267589051865,0
00983,200.75139623421322,0
00984,170.8550405744953,0
00985,223.45802946475064,0
00986,164.1884008435228,0
00987,235.19008254754434,0
00988,193.71390089996018,0
00989,209.97893741300072,0
00990,198.4829001315759,1
00991,164.24419323792665,0
00992,222.91673816147363,0
00993,196.43697131689032,0
00994,203.31117579799218,0
00995,230.96969802786765,0
00996,219.84639805314185,0
00997,187.54646238668943,0
00998,220.31354995431258,0
00999,183.02498539133524,0
01000,190.62447246658627,1
01001,223.63306771032774,0
01002,198.82998602139043,0
01003,179.76868687588043,0
01004,190.58170049753116,0
01005,219.0058106631641,0
01006,206.3516660847312,0
01007,158.60876417632824,0
01008,174.47329563919035,0
01009,196.3323855568372,1
01010,178.7038685461342,0
01011,211.8190247162068,0
01012,160.86332025557763,0
01013,230.76583227744678,0
01014,163.71530322137554,0
01015,198.85032095596355,0
01016,202.70170194262187,0
01017,181.80601772413763,0
01018,215.08693004835186,1
01019,249.17531417632154,0
01020,249.3135380980204,0
01021,202.53172182356877,0
01022,202.24024494807492,0
01023,209.89112382417557,0
01024,204.7412617382666,0
01025,172.27997324258348,0
01026,192.735768274742,0
01027,241.86398804058854,0
01028,185.35649989587097,0
01029,185.73200239577127,0
01030,198.48494933525336,0
01031,225.5130506680456,0
01032,200.46472242922525,0
01033,202.09368841110614,0
01034,200.83127813424267,0
01035,190.2291349862454,0
01036,214.3393801734466,0
01037,226.89744284974572,0
01038,153.00234649806384,0
01039,203.49016871923047,0
01040,228.79405844609698,0
01041,168.12449333844978,0
01042,196.65496686553416,0
01043,182.45518550759735,0
01044,236.3357883039955,0
01045,203.60863952233416,0
01046,202.17251489044193,0
01047,180.54202227775738,0
01048,193.42873988032778,0
01049,171.44658763837924,0
01050,198.8730709879812,0
01051,240.5505351678481,0
01052,219.83104059833994,0
01053,202.7410200052057,0
01054,163.35771812114456,0
01055,231.3057364591922,0
01056,182.93366886189318,0
01057,179.85673414175682,0
01058,208.27984759778784,0
01059,203.43470033483027,0
01060,233.73490865718554,0
01061,198.34693142499043,0
01062,163.36820008595598,0
01063,203.72255578594292,0
01064,178.6186936205425,0
01065,219.5863547682896,0
01066,242.86911570252178,0
01067,187.55618040615428,0
01068,192.1148372647159,0
01069,173.56174093812365,0
01070,198.02061806928512,0
01071,178.45963621620766,0
01072,183.97034566630649,0
01073,208.63777468026976,0
01074,191.10858069393817,1
01075,213.65314831266608,0
01076,197.75757511925679,0
01077,178.0512559192121,0
01078,179.51733760599,1
01079,188.72217536387114,0
01080,160.75336657273522,0
01081,224.58427211661456,0
01082,192.81104534593163,0
01083,183.7772686463602,0
01084,180.56551835334136,0
01085,173.64972127341417,0
01086,182.83526881888918,0
01087,216.59205556032896,0
01088,221.04235720510846,0
01089,181.87559561012802,0
01090,218.36049331598,0
01091,197.9772095462406,0
01092,206.44575267609682,0
01093,223.0957633619659,0
01094,206.54750146409262,0
01095,193.3114984199548,0
01096,181.1132197427785,0
01097,168.55051469578143,0
01098,204.0670485281169,0
01099,201.75028836483128,0
01100,206.343644661495,0
01101,203.79579469919318,0
01102,190.05933909515113,1
01103,235.19857775607463,0
01104,234.43088729285495,0
01105,191.67293309999343,0
01106,189.75002554699725,0
01107,202.3230213615277,0
01108,168.55551643347275,0
01109,202.65044941241715,0
01110,171.33365192826693,0
01111,228.29955156261863,0
01112,234.29147647997067,1
01113,203.10883284929514,0
01114,191.89065017027605,0
01115,197.29401699035384,0
01116,196.43663695613748,0
01117,215.68842941025042,0
01118,202.43237074487269,0
01119,207.15848985174063,0
01120,200.37555728041883,0
01121,225.0919258299284,0
01122,208.45328424616403,0
01123,158.35579853415416,0
01124,194.53848604061207,0
01125,217.16905368745728,0
01126,214.82916063622574,0
01127,200.39723822882615,0
01128,204.53528634992418,0
01129,189.45968533585125,0
01130,194.97635854581756,0
01131,175.38532739438764,0
01132,231.0050363811648,0
01133,203.67077573891135,0
01134,215.72964644787356,0
01135,176.0107493526471,0
01136,222.8959002966841,0
01137,188.0753045364185,0
01138,219.27008384307658,0
01139,212.02669144719198,0
01140,236.65508869957307,0
01141,208.240490662224,0
01142,200.35996012821323,0
01143,191.94600313428342,0
01144,197.47424371011937,0
01145,171.66993090271842,0
01146,206.5957295819824,0
01147,227.98382698792182,0
01148,179.65315963188368,0
01149,191.83995635072938,0
01150,196.26795548215472,0
01151,205.92566152070336,0
01152,172.58725487007823,0
01153,200.9714568614333,0
01154,185.539634864144,0
01155,208.2918217046686,0
01156,179.9871677682864,0
01157,224.68210879099664,0
01158,207.67629134125593,0
01159,230.0271313855492,0
01160,212.2156844709527,0
01161,168.73619687284972,0
01162,181.98426265145332,0
01163,205.80731341275836,0
01164,193.21655078392226,0
01165,212.3779862104625,0
01166,195.00874424965338,0
01167,192.75861127003824,0
01168,224.2867309527585,0
01169,239.3887065250774,0
01170,216.4647392106652,0
01171,223.80754208560913,0
01172,183.44420301537616,0
01173,182.00607033649777,0
01174,196.624905070721,0
01175,193.9718371310605,0
01176,214.92921080837638,0
01177,208.2676837175863,0
01178,211.63755000488558,0
01179,194.5138570854001,0
01180,194.83421148715243,0
01181,195.6177212971161,0
01182,202.81612621234726,0
01183,187.36938041210635,0
01184,212.09741720523377,0
01185,186.2196116965281,0
01186,210.16996570585218,0
01187,198.1168720314497,0
01188,173.44568461310126,0
01189,238.69498377169776,0
01190,226.03247805497708,0
01191,198.69765170243667,0
01192,175.26258770037145,0
01193,215.62439549106605,0
01194,197.73608377893115,0
01195,234.0195816362365,0
01196,217.52374823327185,0
01197,197.9090004175876,0
01198,241.604190534863,0
01199,186.03800070256239,0
01200,217.05009779011885,0
01201,180.70579110164144,0
01202,218.21088333587855,0
01203,193.33082666488482,0
01204,225.34817581453387,0
01205,195.48478220241208,0
01206,227.5010944723777,0
01207,161.6478178937466,0
01208,197.13758509347966,0
01209,213.78529427464719,0
01210,191.60129835919915,0
01211,197.02936050325695,0
01212,211.8750272557235,0
01213,214.6282177800003,0
01214,195.97441923462645,0
01215,162.1380051042851,0
01216,195.02761747624126,0
01217,197.05093323007884,0
01218,166.8272648588147,0
01219,219.21165929013864,0
01220,218.77924235031583,1
01221,162.52282167504256,0
01222,206.91975088186047,0
01223,199.0364799745544,0
01224,208.7825017119011,0
01225,184.04565824676845,0
01226,183.50244549542842,0
01227,191.22720757198405,0
01228,181.1215632289563,1
01229,178.6972532666615,0
01230,157.59038713459574,0
01231,212.4928061196953,0
01232,207.8196446513746,0
01233,170.05588414452046,0
01234,223.50749147788284,0
01235,204.62969879195848,0
01236,207.28349123537947,0
01237,193.7179921311357,0
01238,217.33023987542856,0
01239,205.3165008567674,0
01240,180.56848935304353,0
01241,167.7310163576584,0
01242,215.38074216709,0
01243,212.13364532182914,0
01244,209.52356463232329,0
01245,215.49808519181954,0
01246,193.52123782427992,1
01247,215.19220657802873,0
01248,203.34722710216914,0
01249,202.9332880260401,0
01250,187.9819131368203,0
01251,199.7143586125273,0
01252,194.58979988538113,0
01253,218.7058060291574,0
01254,200.46393629909258,0
01255,210.38590513811891,1
01256,200.51450299641414,0
01257,195.43569258075345,0
01258,201.30739847642573,0
01259,211.12205335203672,0
01260,181.3267014521667,0
01261,217.45263224011967,0
01262,186.25990114672447,0
01263,171.5394368655468,0
01264,220.86039369817246,0
01265,189.4011590230824,0
01266,201.6417547085629,0
01267,172.78708352961206,0
01268,200.26655440444708,0
01269,228.4469280794603,0
01270,215.28651041643403,0
01271,188.05003279401626,0
01272,176.63482422805822,0
01273,199.3482455120629,0
01274,172.28878824683014,0
01275,213.86113768110243,0
01276,189.77431825778206,0
01277,207.60013278451368,0
01278,216.1186361231712,0
01279,170.0271245948982,0
01280,197.97981052589228,0
01281,164.8973917397642,0
01282,179.2548712708097,0
01283,220.0981049520442,0
01284,194.21122743711769,0
01285,218.98552653476213,0
01286,229.73086680625585,0
01287,165.80272753904893,0
01288,221.75716656922967,0
01289,210.313830031708,0
01290,197.45299247937507,0
01291,222.98488144064862,0
01292,204.4242878940085,0
01293,199.5108811333135,0
01294,223.41443586191315,0
01295,188.22905418840958,0
01296,241.52343271989236,0
01297,205.38981964109038,0
01298,210.8173626782181,0
01299,198.19583445027496,0
01300,204.17579175222917,0
01301,161.36094213523333,0
01302,192.3754687616471,0
01303,182.06601485695543,0
01304,177.65717079655755,0
01305,195.97497154393213,0
01306,183.92133239085246,0
01307,234.40260519646566,0
01308,193.47726393041404,0
01309,185.66430506041146,0
01310,207.72191916553504,0
01311,194.39178210049906,0
01312,207.85027463716173,0
01313,194.31206226564254,0
01314,199.51176382878884,0
01315,159.6251028988172,0
01316,180.05619138814473,0
01317,213.64301910451798,0
01318,190.83426657638543,0
01319,154.43807057023378,0
01320,223.81939076833223,0
01321,235.1641811749076,0
01322,197.48344710606756,0
01323,224.65650053424713,0
01324,197.00376460384376,0
01325,208.78986632167596,0
01326,219.81003144489077,0
01327,211.41756957372982,0
01328,206.37805979688386,0
01329,205.35333554455215,0
01330,231.01975128316843,0
01331,212.1084362527056,0
01332,180.2102286519579,0
01333,199.9435178619281,0
01334,193.25503896569214,0
01335,193.07589546383852,0
01336,185.10110035581565,0
01337,188.8978017995133,0
01338,191.99350348697018,0
01339,193.18729457276376,0
01340,207.38955421103176,0
01341,196.0104100218119,0
01342,216.67354681433775,0
01343,174.50119952408244,0
01344,175.94862503611103,0
01345,164.68256256527832,0
01346,215.34908163412112,0
01347,218.94958165100846,0
01348,212.58197386584877,0
01349,210.80493199316112,0
01350,202.34429807656818,0
01351,211.50659949708452,0
01352,163.70897323375675,0
01353,188.39781096687645,0
01354,179.45200393747155,0
01355,186.79895542869107,0
01356,213.56127965209973,0
01357,176.6379227655204,0
01358,210.65507167333533,0
01359,198.64143270650916,1
01360,197.62247937338998,0
01361,215.6677370588915,0
01362,203.3137765004769,0
01363,185.98157753996657,0
01364,184.55748792951056,0
01365,229.15876415013568,0
01366,146.28212810782486,0
01367,226.01639737229434,0
01368,219.55332443332264,0
01369,241.73163762854372,0
01370,187.72453735757836,0
01371,221.5607431260439,0
01372,187.55173556746112,0
01373,202.05906078106796,0
01374,208.26146032299258,0
01375,196.099623550041,0
01376,218.01064351907874,0
01377,205.44962479527845,0
01378,180.17045642015395,0
01379,203.7824924517135,0
01380,208.61629689660137,0
01381,191.30108543797354,0
01382,210.5809958582795,0
01383,209.0709170534951,0
01384,205.79253446540565,0
01385,216.59202966648016,0
01386,219.4186665787047,0
01387,193.2519566601296,0
01388,195.14227930934615,0
01389,170.7526852869076,0
01390,209.0025043294273,0
01391,212.64032398841755,0
01392,200.99325858565905,0
01393,189.61472582339385,0
01394,217.75955940580656,0
01395,209.1036358636067,0
01396,222.05753328664622,0
01397,210.75920832144027,0
01398,190.21999858532604,0
01399,202.51781431932633,0
01400,184.41189463683335,0
01401,236.17692948584713,0
01402,206.95603318033483,0
01403,182.26982410495185,0
01404,224.36591040444557,0
01405,167.14192115929146,0
01406,202.50421027809253,0
01407,246.33841078360507,0
01408,210.71709205255667,0
01409,192.76242718103694,0
01410,194.97000985503266,0
01411,206.6766826261141,0
01412,196.62947474187,0
01413,226.73683735847376,0
01414,224.89716926536073,0
01415,190.03793205608758,0
01416,167.75468876151993,0
01417,185.6460637358802,0
01418,196.8987398985256,0
01419,230.9524264809067,0
01420,207.6606256657115,0
01421,165.29879501356896,0
01422,219.13473564853115,0
01423,159.46586727095837,0
01424,205.26534436335012,0
01425,202.92157044453268,0
01426,207.57494163923303,0
01427,165.28079810859097,0
01428,215.42361599132553,0
01429,218.86924877115996,0
01430,235.5177391817894,0
01431,199.83414633577584,0
01432,193.2451924053444,0
01433,179.3401797048698,0
01434,204.86697405640007,0
01435,212.50252140312887,0
01436,212.883951370667,0
01437,195.2286209916921,0
01438,211.3479101157937,0
01439,179.09264764288017,0
01440,206.30235674562059,0
01441,220.03628101951568,0
01442,203.54856953916428,0
01443,211.38184505550782,0
01444,198.70907832961026,0
01445,205.16170293756693,0
01446,204.9413642703822,0
01447,225.10570882920237,0
01448,254.42604269326154,0
01449,193.94382987711916,0
01450,204.2730994342803,0
01451,140.91541731855193,0
01452,178.87022787202707,0
01453,208.7884304724486,0
01454,184.69732824773013,0
01455,200.98180652190234,0
01456,219.4848649342855,0
01457,190.1720196494215,0
01458,239.0876272824491,0
01459,194.5659079012297,0
01460,209.60902537699016,0
01461,187.08925437535655,0
01462,215.14385159710088,0
01463,184.20855847888942,0
01464,164.74443445397242,0
01465,201.38019489889268,0
01466,210.27993779495952,0
01467,190.6346293607598,0
01468,189.14789728290756,0
01469,205.37446404638757,0
01470,202.5192593610752,0
01471,208.0393495552816,0
01472,172.14286289239257,0
01473,184.10095547928,0
01474,240.26784742851524,0
01475,215.06991332594916,0
01476,190.3972697992169,0
01477,169.80228507564667,0
01478,204.20370414691908,0
01479,216.12397559546287,0
01480,190.3905506768807,0
01481,207.37549745281342,0
01482,198.28716058452648,0
01483,193.29140990363524,0
01484,212.51437602640758,0
01485,185.3808285736685,0
01486,206.35990416477145,0
01487,178.6942904576925,0
01488,219.05111406250074,0
01489,196.54449231967274,0
01490,237.19274574698608,0
01491,206.69578210016903,0
01492,178.57641586077202,0
01493,224.40063799973518,0
01494,205.04470464489586,0
01495,140.63913978723804,0
01496,195.6855101664218,0
01497,232.1182081807278,0
01498,190.984745828099,0
01499,185.19313723836535,0
01500,247.17805566507198,0
01501,176.43186847845064,0
01502,180.36725350189917,0
01503,203.42442147845182,0
01504,205.11949795193124,0
01505,176.32917126265835,0
01506,203.40236417713783,0
01507,198.0510943899847,0
01508,177.1376999301344,0
01509,173.9883605357935,0
01510,220.1032020548857,0
01511,242.15289730469178,0
01512,186.61609013184346,0
01513,208.24379213073564,0
01514,169.35800361386205,0
01515,177.62970142387178,0
01516,202.65959925475912,0
01517,197.83414959801325,0
01518,185.2507088627078,0
01519,176.45929905107442,1
01520,224.40378424908062,1
01521,221.60205589071597,0
01522,192.10175173949506,0
01523,185.1959881632869,0
01524,217.95224345562036,0
01525,229.01878106676048,0
01526,238.20624670397103,0
01527,228.91045569737256,0
01528,189.48267628809435,0
01529,227.67390654798947,0
01530,216.47396213131378,1
01531,183.9511440751268,0
01532,213.18319914059285,0
01533,234.5241777499525,0
01534,237.2032386464772,0
01535,190.7146864623031,0
01536,175.6175510379553,0
01537,191.17928573671244,0
01538,195.66988942616987,0
01539,208.6347731191486,0
01540,215.80881585617988,0
01541,197.3969034644961,0
01542,212.38957151943285,0
01543,213.34260990016514,0
01544,167.91497052731125,0
01545,199.03584715073157,0
01546,159.99753243899465,0
01547,183.9854007547312,0
01548,155.35094757204908,0
01549,178.2660125648273,0
01550,197.0169944614134,0
01551,187.34329316456245,0
01552,204.28232798395894,0
01553,220.63592596939856,0
01554,176.7679328771319,0
01555,204.438578029826,0
01556,194.60156236418132,0
01557,172.31296422131834,0
01558,192.12914486331562,0
01559,164.81167936814606,0
01560,203.77245071344774,0
01561,184.42786579034617,0
01562,199.6103868845621,0
01563,207.79723299504295,0
01564,211.9158257656226,0
01565,207.8210554792908,0
01566,191.11114386769484,0
01567,207.53952128165062,0
01568,197.50043322154278,0
01569,176.86522782819108,0
01570,196.98014011371558,0
01571,183.17986694702043,0
01572,184.8912358779654,0
01573,246.30021916138492,0
01574,173.7882955994099,0
01575,170.94069065011047,0
01576,188.5331456956768,0
01577,247.1183805889252,0
01578,193.9527406070012,0
01579,194.7012045495787,0
01580,163.67884155094225,0
01581,189.62168676961724,1
01582,179.23677174741414,0
01583,192.5018141303731,0
01584,148.09772675893558,0
01585,198.6489783734883,0
01586,211.8198126097809,0
01587,193.18744179788797,0
01588,200.68443770167164,0
01589,198.45745568953404,0
01590,207.0111823667933,0
01591,204.73789357006865,0
01592,205.5456245117478,0
01593,227.11596838985582,0
01594,201.59219266667503,0
01595,193.90044624445113,0
01596,199.28119893697726,0
01597,193.78217130762525,0
01598,203.63021078112266,0
01599,181.53102787829678,0
01600,192.1576510904618,0
01601,195.00905696825728,0
01602,212.0239781600035,0
01603,220.54176733138038,0
01604,239.52552501857951,0
01605,177.29923646514902,0
01606,206.48884880629083,0
01607,230.31062368217192,0
01608,184.9997029926363,0
01609,188.83743472479543,0
01610,178.02284559421025,0
01611,164.6995199588845,0
01612,198.35459409535153,0
01613,194.01204542243755,0
01614,208.39999234478057,0
01615,189.70695931232507,0
01616,219.01976043049513,0
01617,195.2597626982607,0
01618,198.96081870533774,1
01619,185.22468652286258,0
01620,178.3994309092135,0
01621,239.16162495945238,0
01622,172.86922536218415,0
01623,215.78997798476533,0
01624,130.16453524285046,0
01625,203.94448364058388,0
01626,172.86311596581288,0
01627,193.0573378092077,0
01628,179.6084389243275,0
01629,207.96611647857208,0
01630,214.002276422887,0
01631,203.49152122508974,0
01632,239.21027864188483,0
01633,204.72483960463018,0
01634,201.62938463669428,0
01635,187.4837634279842,0
01636,202.22191818507935,0
01637,231.6030633581626,0
01638,195.9925895453702,0
01639,204.10514544368695,0
01640,212.379321407163,0
01641,234.74562345246147,0
01642,207.22895873395737,0
01643,201.26709498254152,0
01644,200.9366311310377,0
01645,195.6936281540914,0
01646,218.2960183900532,0
01647,219.61973405871606,0
01648,198.9549528154999,0
01649,206.14391413830162,0
01650,216.32524807086602,0
01651,212.3441862636708,0
01652,206.21205041419287,0
01653,246.94128256306632,0
01654,235.46763680951688,0
01655,209.50354480203748,0
01656,199.6974650481086,0
01657,176.44403140479542,0
01658,176.22332339773916,0
01659,231.03400516832585,0
01660,198.23594935893644,0
01661,182.17420665320302,1
01662,218.38894330196877,0
01663,189.14229564225104,0
01664,212.45524370748856,0
01665,206.5719033788528,0
01666,204.12512319623383,0
01667,172.82749712567403,0
01668,215.31926947590603,0
01669,193.2537807959252,0
01670,193.70367155546438,0
01671,196.3298251500359,0
01672,195.20982297847613,0
01673,182.47144042201063,0
01674,212.82998920883995,0
01675,190.7568439347232,0
01676,215.54480226880196,0
01677,185.57615302288144,0
01678,196.18160380517674,0
01679,230.58571747648742,0
01680,180.95170731896172,0
01681,167.31198433499134,0
01682,193.4440562461754,0
01683,177.9219275690088,0
01684,206.82780221405181,0
01685,181.1858805445463,0
01686,198.84420323954606,0
01687,199.12177985933457,0
01688,195.02427446857766,0
01689,201.7628654134436,0
01690,203.71916809331162,0
01691,187.4174787064727,0
01692,202.39262284411356,0
01693,165.76194706587188,0
01694,182.50118172953202,0
01695,209.55159557668753,0
01696,224.04166328807958,0
01697,233.76932550714838,0
01698,209.12196370752724,0
01699,202.7237687321597,0
01700,204.04423587120797,0
01701,201.03181723172406,0
01702,204.56372511135572,0
01703,201.45415919133671,0
01704,181.7226194017209,0
01705,210.37136919563318,0
01706,200.01762527194643,0
01707,213.3230722900806,0
01708,184.7476801078786,0
01709,208.10079706727808,0
01710,211.47020853419727,0
01711,243.533821924994,0
01712,200.47055171827577,0
01713,170.5292649618477,0
01714,210.23009706874535,0
01715,172.50442022970137,0
01716,198.43333482640583,0
01717,219.70309436093763,0
01718,204.04536066525438,0
01719,190.20342081009554,0
01720,223.56764913749512,0
01721,236.32667599895296,0
01722,196.54801871467276,0
01723,188.52752757043555,0
01724,205.09157087644118,0
01725,207.95027179631637,0
01726,235.73867962588702,0
01727,210.2219610741306,0
01728,164.51968892045505,0
01729,188.0829203171374,0
01730,205.97113743827927,0
01731,227.273474467989,0
01732,159.36431505731667,0
01733,176.8737485215438,0
01734,193.21525887504575,0
01735,190.8706922273283,0
01736,168.2014023444715,0
01737,174.62672630815973,0
01738,188.10752740977895,0
01739,231.03113093816273,0
01740,186.3041582017304,0
01741,172.01738379197727,0
01742,193.3594787015387,0
01743,185.09174659877442,0
01744,195.53789734917953,0
01745,182.79845543366486,0
01746,197.76503354093052,0
01747,175.5272291567493,1
01748,206.7821459445063,0
01749,243.07323494210672,0
01750,195.76903788556555,0
01751,176.45148535270698,0
01752,204.64543680178963,0
01753,225.92129592513118,0
01754,170.9602119437176,1
01755,168.38490453374388,0
01756,186.56537117891466,0
01757,220.51473662625176,0
01758,152.03963949155957,0
01759,201.22973365109684,0
01760,176.57290670058808,0
01761,205.9644564737776,0
01762,204.7347515065406,0
01763,186.74108337117372,0
01764,208.61619336758895,0
01765,228.0933530138173,0
01766,229.72850437256884,0
01767,191.1072072408955,0
01768,150.5732067966828,0
01769,215.81833673948077,0
01770,174.1171406716182,0
01771,204.91604315598093,0
01772,207.1069564218593,0
01773,210.99387282222358,0
01774,218.7549144958469,0
01775,215.7959275942191,0
01776,218.0258273864057,0
01777,180.19743100638863,0
01778,220.6335649983464,0
01779,212.57104800353497,0
01780,176.41316034811453,0
01781,203.9838887090601,0
01782,189.82705656699602,0
01783,201.21379138654638,0
01784,186.8007776228492,0
01785,228.89914283310964,0
01786,213.0031339871541,0
01787,190.61609014942425,0
01788,188.8770412394268,0
01789,236.48414301949367,0
01790,221.061700996399,0
01791,198.71899267834107,0
01792,209.55707476655834,0
01793,219.5587634139424,0
01794,209.44095062370334,0
01795,178.93768245728498,0
01796,209.51628060484092,0
01797,197.95480441684833,0
01798,183.5149155855537,0
01799,233.62733414734117,0
01800,229.6987661033965,0
01801,150.83382232095593,0
01802,207.98345604869468,0
01803,207.34646982664626,0
01804,190.57765981131215,0
01805,193.518859866548,0
01806,194.59389009562994,0
01807,192.69116666070943,0
01808,166.66128525562516,0
01809,239.3434227244697,0
01810,189.04290909675137,0
01811,241.2493683674,0
01812,196.11539268347397,0
01813,184.42960590835992,0
01814,200.94845399869024,0
01815,172.73608715331545,0
01816,230.64551001192197,0
01817,198.5462574298485,0
01818,210.0257182226022,0
01819,191.48249352345226,0
01820,185.26050607507702,0
01821,199.78506395152957,0
01822,180.62421453908752,0
01823,213.48801508365787,0
01824,200.20681603149194,0
01825,190.9710499796104,0
01826,200.27018236172867,0
01827,198.62242272779136,0
01828,190.53679765395938,0
01829,196.52608312592176,0
01830,234.56930614605147,0
01831,177.10351485435433,0
01832,140.3416903144556,0
01833,185.868817663696,0
01834,208.84679686102982,0
01835,217.28778718469596,0
01836,178.33347088054109,0
01837,190.97467235457964,0
01838,193.10634485960313,0
01839,218.4598643659712,0
01840,215.20037604364015,0
01841,194.3648640529902,0
01842,217.1883131872526,0
01843,185.56457737917185,0
01844,197.90117299379887,0
01845,204.47201873424692,0
01846,178.6432397196858,0
01847,193.20127284479605,0
01848,224.51284040766706,0
01849,183.47930241204148,1
01850,227.85411956185231,0
01851,204.6552923426643,0
01852,230.67463184699724,1
01853,206.63117758451395,0
01854,241.60829931082964,0
01855,234.2764921784118,0
01856,185.81884996063815,0
01857,185.83306485498062,0
01858,227.86726407128646,0
01859,197.76198355174984,0
01860,186.66093004507712,0
01861,192.96084629066874,0
01862,173.566281289083,0
01863,196.2684791699555,1
01864,205.10158147586685,0
01865,235.73471214535036,0
01866,167.6102814505939,0
01867,220.9711374691937,0
01868,227.02514300209276,0
01869,158.35093174471405,0
01870,206.68895860530722,0
01871,245.5916099716627,0
01872,197.62657599417605,0
01873,186.47560741684833,0
01874,236.35966355778208,0
01875,199.9204248032146,0
01876,194.92052835428285,0
01877,138.92568913158192,0
01878,188.11161658086664,0
01879,165.8758400806201,0
01880,200.03819465354303,0
01881,240.09732614735995,0
01882,206.2512789831708,0
01883,209.99124558678628,0
01884,200.41693048336114,0
01885,195.8506906757014,0
01886,222.8861820007599,0
01887,243.363439787029,0
01888,198.7855415618372,1
01889,204.47757064144423,0
01890,210.50280573075443,0
01891,224.17619844642294,0
01892,210.4151308611163,0
01893,209.3938712792428,0
01894,232.30655176463273,0
01895,168.6097095545898,0
01896,172.3375167139179,0
01897,178.31746800444702,0
01898,184.40762669957996,0
01899,195.46629335544327,0
01900,223.8470510943601,0
01901,182.76893756090902,0
01902,189.1367603016033,0
01903,174.1089739771999,0
01904,169.56336294310148,0
01905,176.74721815574713,0
01906,211.92412049762976,0
01907,224.87886229344463,0
01908,183.20522686829463,0
01909,188.14445370103547,0
01910,166.89675987761882,0
01911,211.87460346229852,0
01912,209.5930971102128,0
01913,203.61120249754043,0
01914,196.060819133306,0
01915,162.49237362794682,0
01916,192.95943805027443,0
01917,196.17565603527885,0
01918,176.72583218767411,0
01919,201.48651675593476,0
01920,182.4018666808662,0
01921,184.78107720158368,0
01922,192.30586968283865,0
01923,209.04352224714054,0
01924,212.32016655792248,0
01925,174.89631724150354,0
01926,201.94534669899232,0
01927,202.56598345651375,0
01928,203.55709543440133,0
01929,215.53487519066798,0
01930,191.85554192813538,0
01931,179.20003781854118,0
01932,218.1955366596698,0
01933,211.40317445207978,0
01934,190.97367392290045,0
01935,186.46498447766498,0
01936,191.47345026640664,0
01937,187.27680341365263,0
01938,218.89909838767917,0
01939,209.75019771093912,0
01940,178.33183394484624,0
01941,190.45252517309416,0
01942,191.44193229675537,0
01943,205.13308863632986,0
01944,196.06424650753195,0
01945,174.7736294030245,0
01946,184.79543623629232,0
01947,198.27535968453086,0
01948,230.80177118978474,0
01949,213.18784436949798,0
01950,182.65600577441646,0
01951,198.01362728342096,0
01952,181.51105702353013,0
01953,197.28216212461854,0
01954,202.67775091218755,0
01955,196.1440326592607,0
01956,233.29572537921354,0
01957,199.65567379689955,0
01958,204.3670704225738,0
01959,207.0127659422609,0
01960,211.66153679638833,0
01961,201.56696586559434,0
01962,227.14503099511285,0
01963,161.39971304659835,0
01964,237.3864366935734,0
01965,198.4529878991304,0
01966,190.27375695943388,0
01967,197.4794633121136,0
01968,186.5860536713484,0
01969,204.80644940733032,0
01970,134.09747435329604,0
01971,201.18848606093965,0
01972,175.51021255950144,0
01973,173.75678261886873,0
01974,195.66383692235533,0
01975,175.4851669993534,0
01976,194.13999554527905,0
01977,208.1368844056753,0
01978,162.438314407828,0
01979,220.69073040500965,0
01980,196.4655389080039,0
01981,198.86623102899304,0
01982,177.29965112176833,0
01983,190.34922109107035,0
01984,198.2253384117802,0
01985,205.1669383068157,0
01986,207.778874692779,0
01987,194.5336679309895,0
01988,210.01500044147704,0
01989,197.30741420836898,0
01990,167.70980173213016,0
01991,171.29243682822536,0
01992,192.4237376311109,0
01993,193.8501789494429,0
01994,201.77336512989345,0
01995,214.59618248841355,0
01996,236.9825139654616,0
01997,218.82570475193717,0
01998,215.62935680452568,0
01999,191.35064720567365,0
02000,181.43433016235232,0
02001,217.7030260002436,0
02002,178.1896655363746,0
02003,199.98484446928052,0
02004,224.54921464194263,0
02005,207.95792239162657,0
02006,219.3326389694967,0
02007,212.95840820582796,0
02008,200.2972556604972,0
02009,222.33710876811824,0
02010,219.5331889802697,0
02011,174.16467066198916,0
02012,220.74936094024636,0
02013,174.73434678309786,0
02014,158.1001307517381,0
02015,211.35809820486946,0
02016,205.65477564769972,0
02017,187.41431924782992,0
02018,235.39340735228797,0
02019,205.42150311056494,0
02020,211.54554619517415,0
02021,181.59655774258547,0
02022,214.09861020029155,0
02023,217.56120670049793,0
02024,190.07211910947836,0
02025,228.49531539548633,0
02026,200.75725578496457,0
02027,204.01063909656855,0
02028,178.73391359847196,0
02029,194.4175816275616,0
02030,201.27025666624723,0
02031,193.78133626291108,0
02032,196.6137044134627,0
02033,212.07939781238073,0
02034,208.0050672711871,0
02035,145.5682838878813,0
02036,210.4709948190652,0
02037,204.08810454745802,0
02038,189.94567534082717,0
02039,179.52697484133358,0
02040,179.05257740878702,0
02041,189.28262101712482,0
02042,186.94521758523965,0
02043,238.18460071005376,0
02044,206.3954090378966,0
02045,205.20254246545824,0
02046,175.13810092227945,0
02047,231.7609969767161,0
02048,150.5338573601109,0
02049,211.8654157304724,0
02050,165.93820122444689,0
02051,192.8536588798854,0
02052,215.38979077956114,0
02053,209.89592369962958,0
02054,211.7713467745621,0
02055,175.30002763351246,0
02056,178.00640962812625,0
02057,228.8013868475713,0
02058,208.305381277593,0
02059,206.11463674936647,0
02060,195.66616407104752,0
02061,194.60509343314033,0
02062,150.32990240059647,0
02063,190.8164847116469,0
02064,220.169348201804,0
02065,203.418255517789,0
02066,193.02131851834915,0
02067,221.24596650454163,0
02068,202.04987005106156,0
02069,165.63816041942925,0
02070,192.92554286495164,1
02071,236.6525652600097,0
02072,179.82334744813232,0
02073,202.05456927882705,0
02074,175.40802174741384,0
02075,182.8104139244143,0
02076,227.86093297388624,0
02077,187.42465283374293,0
02078,194.79925742421653,0
02079,246.6956901419384,0
02080,176.42623859818167,0
02081,187.28729580585656,0
02082,221.70229399395848,0
02083,197.142527730418,0
02084,188.35902181745934,0
02085,174.0411539835248,0
02086,214.86513124068225,0
02087,218.34977308094378,0
02088,183.2382911004579,0
02089,219.85456118183058,0
02090,225.73039192063194,0
02091,198.41279832747665,0
02092,199.414706864749,0
02093,207.00608496124894,0
02094,212.42598673447395,0
02095,208.11726718001842,0
02096,224.29642863057165,0
02097,214.23566371622042,0
02098,179.48208864282543,0
02099,198.5052903726079,0
02100,210.80902991253376,0
02101,205.9800313361277,0
02102,200.9051341142785,0
02103,174.4268652365727,0
02104,162.469469555726,0
02105,177.3719551603154,0
02106,176.42655798157276,0
02107,168.8516614381025,0
02108,210.72883494451006,0
02109,220.2900264681753,0
02110,213.17697014172592,0
02111,205.25890811613291,0
02112,180.40021834292452,0
02113,214.28393094321578,0
02114,160.09655454520103,0
02115,181.45380408695488,0
02116,198.68850488408424,0
02117,210.71725225767264,0
02118,224.8286875323495,0
02119,216.50595017707235,0
02120,190.70609069868632,0
02121,208.48045655591392,0
02122,192.3958684726657,0
02123,204.92052867617736,0
02124,219.67183692090245,0
02125,213.60091770651118,0
02126,215.29707629788064,0
02127,179.22439612864474,0
02128,236.32239425027248,0
02129,192.23847177989768,0
02130,227.2217638365682,0
02131,178.74580698237511,0
02132,206.44276627613644,0
02133,214.93404797463887,0
02134,205.66568262317034,0
02135,179.99314615615953,0
02136,179.0697517049202,0
02137,195.92479977158098,0
02138,203.33776473240718,0
02139,194.29420252883386,0
02140,170.5204259487401,0
02141,212.73216611303783,0
02142,225.3694201461209,0
02143,203.14445888577808,0
02144,198.332896444106,0
02145,182.58586652403534,0
02146,189.47078757849658,0
02147,192.98062178623326,0
02148,175.0411555901851,0
02149,178.46920268098322,0
02150,200.534438454804,0
02151,229.43130910123477,0
02152,214.59849319306443,0
02153,212.26827961321627,0
02154,191.92442484522599,0
02155,239.87619872677533,0
02156,192.02351421924544,0
02157,155.9624458366143,0
02158,204.75068837947805,0
02159,209.73129014630368,0
02160,207.71171029246986,0
02161,201.24543859517587,0
02162,222.70516824515954,0
02163,146.27514728986836,0
02164,187.89157196189583,0
02165,199.3944443379119,0
02166,213.22051429503244,0
02167,176.69499742736824,0
02168,218.93294579599313,0
02169,220.95481827431604,0
02170,203.27288151036976,0
02171,221.46087678761242,0
02172,215.61617642235657,0
02173,204.72265875642188,0
02174,165.4779175629013,0
02175,206.54001182403994,0
02176,216.7068122464373,0
02177,265.0929271935189,0
02178,250.20197325676793,0
02179,196.99359120503124,0
02180,243.94931371966464,0
02181,191.75040998533865,0
02182,190.49803976371854,0
02183,222.04279725171895,0
02184,235.48503486833357,0
02185,222.78276776627342,0
02186,245.22650230855186,0
02187,205.67539807827805,0
02188,211.4703885061156,0
02189,234.16182405281518,0
02190,160.7537323515159,0
02191,205.08522276388678,0
02192,206.62466830706856,0
02193,218.9603394216603,0
02194,168.9765144511888,0
02195,205.5730580564979,0
02196,217.93814259530342,0
02197,216.55564800550928,0
02198,204.99279094175895,0
02199,185.4607223926706,0
02200,192.12597587894192,0
02201,241.82580033334384,0
02202,229.27065314736626,0
02203,204.1295924199162,0
02204,200.20035724468065,0
02205,207.5103675094956,0
02206,220.01358453793608,0
02207,177.45032445668048,0
02208,227.89895983534058,0
02209,198.1540084422357,0
02210,141.2976822801145,0
02211,208.78044136880737,0
02212,193.12132077472512,0
02213,186.18176593756158,0
02214,211.34548967165213,0
02215,201.95117260349514,0
02216,190.47854842573287,0
02217,182.5823578939619,0
02218,207.82235402990148,0
02219,199.1992935951247,0
02220,180.97248565541224,0
02221,229.27743457387177,0
02222,178.5964957553984,0
02223,237.69230502413697,0
02224,180.75705656623552,0
02225,197.0424348480982,0
02226,258.9793128392032,0
02227,164.481879012884,0
02228,154.01723323337353,0
02229,205.24423107087665,0
02230,182.79069358119793,0
02231,240.95812842610405,0
02232,229.03898448140652,0
02233,203.00239221335005,0
02234,159.1444738863979,0
02235,161.877420524148,0
02236,193.76223202242372,0
02237,205.47400551897013,0
02238,212.96516966684834,0
02239,236.19087143878662,0
02240,227.94655286750168,0
02241,200.48830872885725,0
02242,154.6531185804691,0
02243,226.50319441490606,0
02244,195.71581348957704,0
02245,188.82007293202957,0
02246,200.65355588712552,0
02247,201.70998908036935,0
02248,222.36896006179947,0
02249,187.73080399178514,0
02250,231.1784129394178,0
02251,168.05615810836878,0
02252,188.19497011003673,0
02253,183.58968100128874,0
02254,199.80533145120526,0
02255,198.58188916622387,0
02256,245.43403331994534,0
02257,242.8162619051935,0
02258,180.14349899448524,0
02259,217.1733958285043,0
02260,227.27193415365073,0
02261,184.62386573236816,0
02262,224.3700732289727,0
02263,209.9587826155776,0
02264,210.52772672162243,0
02265,187.4482020095509,0
02266,245.35540352628124,0
02267,188.97321164938293,0
02268,226.4759186311837,0
02269,210.77489599322408,0
02270,221.7247502563816,0
02271,203.66693527837336,0
02272,214.0598607998496,0
02273,219.84541643765743,0
02274,248.94863041376618,0
02275,223.5254950465027,0
02276,200.81332484598136,0
02277,203.05832498741486,0
02278,187.9868355664261,0
02279,209.89066197052756,0
02280,224.86715791339324,0
02281,203.4792380577676,0
02282,227.98318910840553,0
02283,197.47289180633325,0
02284,199.99167966418136,0
02285,189.89028126999548,0
02286,204.94234826714228,0
02287,182.75538268570915,0
02288,179.45142029087484,0
02289,194.03959436028765,0
02290,204.25066446752803,0
02291,203.9072441930308,0
02292,187.32499146696304,0
02293,211.42685422584503,0
02294,201.21821792013577,0
02295,201.48757715452209,0
02296,187.36210647602266,0
02297,223.79837309174476,0
02298,203.48090510179878,0
02299,209.75980984820347,0
02300,242.6572555591099,0
02301,170.5249653889244,0
02302,166.3442313005446,0
02303,163.88792507348913,0
02304,229.43024332565693,0
02305,251.64811942086266,0
02306,155.8407167620667,0
02307,210.3727208158189,0
02308,195.15544987534398,0
02309,203.72403833125776,0
02310,194.232889449274,0
02311,214.46790854379228,0
02312,204.31450597565117,0
02313,202.63936564722823,0
02314,192.02784668181377,0
02315,204.87694592230608,0
02316,200.50386286595156,0
02317,221.4518039942955,0
02318,197.3818472208482,0
02319,205.92533434995522,0
02320,202.70212189923708,0
02321,210.56665780051821,0
02322,183.64812913440332,0
02323,193.22510457104173,0
02324,196.16038395779864,0
02325,203.64303999396967,0
02326,206.4430883246132,0
02327,184.49648287118183,0
02328,185.36789486497767,0
02329,210.7646201037724,0
02330,213.9706046911631,0
02331,202.56551129772393,0
02332,185.79761307793447,0
02333,183.78344900413083,0
02334,206.12621277883156,0
02335,218.88183881821257,0
02336,167.2645312715468,0
02337,186.017939329099,0
02338,227.0686572541046,0
02339,246.15515218329185,1
02340,223.30444488725283,0
02341,191.89340451155914,0
02342,195.73351329955523,0
02343,213.23806627664703,0
02344,182.23580928550732,0
02345,204.96426959232954,0
02346,185.6223904508791,0
02347,222.6661223230237,0
02348,197.45416591990178,0
02349,179.47829210062034,0
02350,257.8900271133063,0
02351,212.81092639290358,1
02352,217.60495325544142,0
02353,206.88338771034495,0
02354,221.5344092209448,0
02355,182.897262446202,0
02356,202.7348937024206,0
02357,211.70953778262506,0
02358,199.2880289944892,0
02359,172.96720788966573,0
02360,185.51432167777665,0
02361,186.86228335059675,0
02362,193.06937470778246,0
02363,204.86836387910975,0
02364,169.94430890854179,0
02365,220.5439318659426,0
02366,212.32506129881284,0
02367,210.39486591818655,0
02368,218.64828510263953,0
02369,210.94910301755715,0
02370,164.8780228771677,0
02371,192.54862699349337,0
02372,194.8573774916606,0
02373,173.17249630970548,0
02374,193.66273047521125,0
02375,189.5000636105715,0
02376,205.1691872188906,0
02377,218.02105678702065,0
02378,187.96386804681467,1
02379,216.96940390804633,0
02380,197.93770910778068,0
02381,224.6573131517042,0
02382,198.026923327814,0
02383,230.7119079539153,0
02384,219.80899920587146,0
02385,197.9028684061064,0
02386,199.80195642657162,0
02387,192.14130859315586,0
02388,192.9027252214463,0
02389,208.82646973923778,0
02390,204.1633946856692,0
02391,219.56281854195376,0
02392,220.97214916990265,0
02393,201.4145484605599,0
02394,233.6204618599011,0
02395,179.14902358517,0
02396,204.81606248908247,0
02397,185.50020495409896,0
02398,171.06126529690215,0
02399,180.39393682903062,0
02400,199.01261034703708,0
02401,192.33738226356058,0
02402,194.44126490154216,0
02403,209.59693432545905,0
02404,239.4499294358533,0
02405,190.68711174630556,0
02406,198.84397808479412,0
02407,187.99068555534006,0
02408,214.43997094567695,0
02409,220.93677223492315,0
02410,206.60825461591355,1
02411,225.09839564407048,0
02412,221.61498391395497,1
02413,229.22910515182411,0
02414,176.26240135717296,0
02415,167.20533993786864,0
02416,207.17029800276342,0
02417,210.69313035769707,0
02418,245.59586207229853,0
02419,209.50337907879452,0
02420,183.00997612198617,0
02421,204.31348040481572,0
02422,226.89993894397227,0
02423,208.4505284651547,0
02424,218.88975564429177,0
02425,207.6092029627736,0
02426,211.9393208439846,0
02427,217.40710141486727,0
02428,191.3820192491017,0
02429,186.05272811769515,0
02430,201.7918478678368,0
02431,202.30054723494538,0
02432,187.6166147273876,0
02433,179.07878776657617,0
02434,241.70720339349464,0
02435,227.26521665589445,0
02436,189.30633551568582,0
02437,198.39689822195825,0
02438,201.6455409736815,0
02439,195.9692066135324,0
02440,202.09679870139553,0
02441,195.6382584674835,0
02442,194.59845876646287,0
02443,167.2737080849055,0
02444,197.75105037630888,1
02445,237.78439958433813,0
02446,170.88851739922404,0
02447,202.17370358299408,0
02448,225.23881225357323,0
02449,230.47231696531102,0
02450,235.6682139884716,0
02451,210.63496686388072,0
02452,189.84714829980695,0
02453,213.43077786936556,0
02454,238.81351473713408,0
02455,188.80649561662096,0
02456,197.68559100650492,0
02457,216.4268400922244,0
02458,193.1158135056895,0
02459,222.93783195907056,0
02460,205.8418229541169,0
02461,214.28589219788495,0
02462,217.25124864988294,0
02463,199.39791450826326,0
02464,162.333048340792,0
02465,209.68111640287793,0
02466,194.6159044311942,0
02467,177.74676866585767,0
02468,211.4148653326443,0
02469,204.26968886230648,0
02470,226.51286466742957,0
02471,187.80265223017378,0
02472,203.52879610615312,0
02473,208.98872713832938,0
02474,222.46800923668042,0
02475,187.26079739521526,0
02476,235.27155084264288,0
02477,206.91598185720437,0
02478,159.8851547287914,0
02479,227.16666112929454,0
02480,172.73220541916368,0
02481,208.58327104147276,0
02482,190.74531142752676,0
02483,200.35658331496387,0
02484,187.97107872841826,0
02485,163.09178605452396,1
02486,189.89380263626927,0
02487,179.04203535708444,0
02488,217.79424429581195,0
02489,202.1875309335317,0
02490,221.61149310498212,0
02491,220.7283018798216,0
02492,199.7736973506053,0
02493,195.72649274665488,0
02494,191.8493420711424,0
02495,189.80637578944277,0
02496,182.98974396070471,0
02497,187.2340111036198,0
02498,210.3873550270133,0
02499,234.56754099519222,0
02500,231.765306949483,0
02501,232.94693752417987,0
02502,184.9227877363382,0
02503,168.6266612954227,0
02504,180.38408506223658,0
02505,196.65714139260814,0
02506,185.93238481867613,0
02507,193.25563223042676,0
02508,197.9816747621031,0
02509,201.8364282643844,0
02510,187.00795590528313,0
02511,212.17650746662417,0
02512,172.54376713626738,0
02513,184.3591171187726,0
02514,192.43893887582053,0
02515,185.06240317821056,0
02516,199.55764960625268,0
02517,224.65395256884972,0
02518,207.05412696332897,0
02519,226.9903410361585,0
02520,221.1064656746507,0
02521,197.10410641082194,0
02522,205.26673359298962,0
02523,218.7537437596412,0
02524,201.06206018670827,0
02525,166.06768969404388,0
02526,194.08785097496494,0
02527,200.87079460926233,0
02528,231.44639480887326,0
02529,214.68416704674237,1
02530,184.22522297671384,0
02531,208.5900088361075,0
02532,222.3700664288345,0
02533,198.52771307178088,0
02534,203.10062126079686,0
02535,194.89788718354023,0
02536,198.14308924518843,0
02537,206.14229078660026,0
02538,222.45228863481236,0
02539,181.30675229740356,0
02540,199.14103108180097,0
02541,186.3064824528054,0
02542,193.13091239424665,0
02543,213.1772281976804,0
02544,185.80414550282262,0
02545,180.42615355729814,0
02546,221.64438673535795,0
02547,208.80187851748929,0
02548,161.62999893466173,0
02549,221.92051071464195,0
02550,221.90307635833375,0
02551,249.59297118687948,0
02552,178.74207623012413,0
02553,155.5077162566279,0
02554,227.61634063707368,0
02555,206.5249940643567,0
02556,189.93059793794055,0
02557,182.1816377407955,0
02558,187.38196264578715,0
02559,218.39933259558083,0
02560,214.36567364222844,0
02561,202.1249073880098,0
02562,206.56926272877791,0
02563,206.00037160662978,0
02564,158.6684584157162,0
02565,184.32722325017136,0
02566,216.288703784912,0
02567,211.252114582158,0
02568,221.50781094373733,0
02569,200.84582005534165,0
02570,184.9431199901601,0
02571,206.4100418685955,0
02572,218.14391262553335,0
02573,203.23608731928158,0
02574,202.73082839541888,0
02575,210.55835848572517,0
02576,232.52934055856088,0
02577,201.9797387544363,0
02578,190.7173961595747,1
02579,203.95997167906097,0
02580,198.9025222265742,0
02581,213.29918714910562,0
02582,196.83620476984737,0
02583,223.479302765709,0
02584,200.24066783562725,0
02585,230.13406367775116,0
02586,169.91833551671425,0
02587,204.3717778159987,0
02588,185.2316037414326,0
02589,195.56917498358575,0
02590,200.25540938769524,0
02591,195.0958372495808,0
02592,186.16500408703868,0
02593,157.847691030874,1
02594,215.571394437829,0
02595,195.81991362346207,0
02596,203.34599066090072,0
02597,203.55529177267346,0
02598,189.59496928474158,0
02599,199.10088318902046,0
02600,228.49106485377956,0
02601,227.17427073771483,0
02602,195.9324348953489,0
02603,216.35470228945644,0
02604,190.1133491352381,0
02605,206.83752319491327,0
02606,168.40987077884557,0
02607,223.8480985890315,0
02608,244.2943433474289,0
02609,210.72468395349244,0
02610,219.77880508069362,0
02611,228.8691939236411,0
02612,191.67864587454358,0
02613,191.4996956766398,0
02614,200.33808697909575,0
02615,206.95644448047554,0
02616,185.23869457683625,0
02617,234.55939790608485,0
02618,182.9042118053806,0
02619,188.46056989323455,0
02620,184.03190539174355,0
02621,185.47618812195873,0
02622,177.08021364567892,0
02623,250.97183244602783,0
02624,215.2397943989784,0
02625,175.75519109746404,0
02626,217.75610917161802,0
02627,201.38986096117986,0
02628,168.49384046460253,0
02629,202.69314390413638,0
02630,179.10956379755277,0
02631,205.84349882797375,0
02632,199.0577173269609,0
02633,202.28914431406625,0
02634,203.35253972203884,0
02635,191.2241527499287,0
02636,217.6101474584473,0
02637,176.87518474769587,0
02638,209.09333735345587,0
02639,195.47525100285532,0
02640,224.16635036889502,0
02641,168.83438134839315,0
02642,170.47337641362665,0
02643,190.89839846575563,0
02644,206.09093283986127,0
02645,175.58219720664536,0
02646,207.681500670027,0
02647,202.04237774397046,0
02648,198.51262211960125,0
02649,183.02654744436097,0
02650,224.9836938910293,0
02651,162.00741941703922,0
02652,193.8221408840541,0
02653,195.4539223058611,0
02654,190.78766663044544,1
02655,138.92264902579257,0
02656,230.61444505531068,0
02657,207.1379624541525,0
02658,217.27699830522388,0
02659,164.9612498849169,0
02660,175.45567980255808,0
02661,202.28274065272436,0
02662,192.1501501546687,0
02663,203.0220009581152,0
02664,207.74769793192246,0
02665,183.59638226704547,0
02666,189.89168309185777,0
02667,219.3497777101644,0
02668,218.23003045530416,0
02669,173.277975660606,0
02670,190.9705823904716,0
02671,226.1777010201919,0
02672,178.30538722966926,0
02673,220.90371963895984,0
02674,187.66551178113377,0
02675,152.27889354062324,0
02676,210.59662231372693,0
02677,204.01193080978942,0
02678,223.41845403719955,0
02679,222.23641224141056,0
02680,212.44756053917112,0
02681,188.2267666966751,0
02682,198.6470499410331,0
02683,203.7637182879909,0
02684,210.3223980994093,0
02685,239.04089823454046,0
02686,178.4701400304288,0
02687,227.90629828354216,0
02688,176.86938280936826,0
02689,197.1360775152351,0
02690,194.52826439922828,0
02691,235.68440054624827,0
02692,167.4911884340869,0
02693,195.10679507841738,0
02694,195.476079296477,0
02695,193.4933327090121,0
02696,218.48021713992154,0
02697,198.56291769328942,0
02698,188.29234777058295,0
02699,196.65972558685976,0
02700,225.12577694162485,0
02701,241.54724845044353,0
02702,228.64167694021415,0
02703,202.6047693874634,0
02704,183.02916147454656,0
02705,208.56278246981935,0
02706,198.09314721879056,0
02707,190.04140592097434,0
02708,238.95788295276594,0
02709,210.6255845138807,0
02710,186.52828192103203,0
02711,218.90854635627622,0
02712,182.56122196861034,0
02713,188.1879634321586,0
02714,206.59362043014983,0
02715,211.54030248008561,0
02716,159.12403476438368,0
02717,205.82715860356726,0
02718,185.83803398471088,0
02719,200.32622852792085,0
02720,249.1695790100807,0
02721,174.85169810880552,0
02722,209.35240946072307,0
02723,160.87781733158783,0
02724,180.73383042343582,0
02725,194.99479806174608,0
02726,184.25240423860026,0
02727,170.9882182207959,0
02728,178.20198211043297,0
02729,231.1459892906654,0
02730,196.02519076768925,0
02731,205.59107009720944,0
02732,166.90546789406562,0
02733,191.0199961742371,0
02734,239.3569668676714,0
02735,227.70223253001814,0
02736,203.46579001698075,0
02737,190.53763308240897,0
02738,169.85303322271938,0
02739,166.84619672256161,0
02740,209.78032648356955,0
02741,188.50115893255798,0
02742,205.36484547393363,0
02743,218.9673005967827,0
02744,198.5728462710613,0
02745,204.1607792324361,0
02746,217.73654457807265,0
02747,188.9546967261229,0
02748,227.2650996382574,0
02749,255.0891083517261,0
02750,197.5643639155197,0
02751,205.63498681675208,0
02752,163.72654805401498,0
02753,184.97036806049638,0
02754,200.52215581802236,0
02755,169.79367634046827,0
02756,196.38119943759446,0
02757,195.71774273451058,0
02758,199.04810078308273,0
02759,246.86516699362713,0
02760,208.3368493693259,0
02761,164.05040186997215,1
02762,176.37041573645945,0
02763,190.82849875781923,0
02764,203.23715473953797,0
02765,185.9257267002862,0
02766,202.0457924822984,0
02767,183.43264413055385,0
02768,189.03664525022234,0
02769,176.64196706586597,0
02770,251.851893456722,0
02771,201.69367215155242,0
02772,210.32373893511465,0
02773,206.51501951357616,0
02774,232.36895033696638,0
02775,184.1722886365752,0
02776,196.52438053067107,0
02777,206.9381467130118,0
02778,192.10541576260238,0
02779,228.62185194064102,0
02780,219.91788207482452,0
02781,195.9582234991443,0
02782,199.05080658371037,0
02783,194.23972643522546,0
02784,188.3677808169218,0
02785,197.32238412430266,0
02786,152.97860271892975,1
02787,193.01161675162098,0
02788,184.2110847002394,0
02789,198.36114854028003,0
02790,231.62207948684716,0
02791,210.50329817071025,0
02792,159.7235772610928,0
02793,167.81937962110626,0
02794,206.04714176246804,0
02795,211.9211791543043,0
02796,229.16282798664454,0
02797,213.51472741002127,0
02798,212.94763825712266,0
02799,174.15731584064827,0
02800,178.7559466400889,0
02801,218.55032724164337,0
02802,218.4702129553755,0
02803,185.36776827519964,0
02804,195.69891112046315,0
02805,204.510407218682,0
02806,161.06935027737399,0
02807,195.029388278547,0
02808,163.817097374979,0
02809,216.61868753186118,0
02810,201.0712153331796,0
02811,235.1176030702934,0
02812,177.39908327646503,0
02813,219.01341213233047,0
02814,184.61846157277515,1
02815,176.77300971054143,0
02816,210.80961378271178,0
02817,212.9194069974962,0
02818,191.9538797277622,0
02819,175.34830369984613,0
02820,215.00783623159742,0
02821,237.79178679960256,0
02822,223.26131265224188,0
02823,223.90011360309938,0
02824,222.74201707972182,0
02825,203.4590545108672,0
02826,164.95990508024659,0
02827,233.81958510217157,0
02828,190.12129458740012,0
02829,167.4001405058001,0
02830,207.81028874209858,0
02831,195.3822648233463,0
02832,203.24276433517005,0
02833,222.26478759504914,0
02834,196.97107609325923,0
02835,186.01383547943536,0
02836,243.4878599459306,0
02837,206.74170244789374,0
02838,175.46365486058176,0
02839,221.6128280507368,0
02840,224.5399870875251,0
02841,205.52803996902983,0
02842,185.4290122295409,0
02843,195.36994121554116,0
02844,177.78373347500326,0
02845,172.718973497675,0
02846,217.19763390876554,0
02847,188.21046208418124,0
02848,218.54235128654713,0
02849,214.14328390603202,0
02850,216.0833304560967,0
02851,216.08044581897056,0
02852,193.67144050206005,0
02853,177.8435292852625,0
02854,236.68179249216558,1
02855,205.20226796837173,0
02856,218.1541525777646,0
02857,195.69094744644414,0
02858,197.53367503215682,0
02859,212.37598765392286,0
02860,252.34546125029465,0
02861,184.50144555938317,0
02862,188.25065489770242,0
02863,215.95515298755151,0
02864,179.30010204639058,0
02865,208.39133701794853,0
02866,205.5418048971622,0
02867,204.0749000486558,0
02868,204.83595937962173,0
02869,213.62471389519916,0
02870,241.46388610581823,0
02871,211.55556157667579,0
02872,204.52380854457954,0
02873,221.62200010865055,0
02874,229.23809408112209,0
02875,193.8602066718303,0
02876,208.65466560697098,0
02877,162.17619942589948,0
02878,194.88083469552558,0
02879,174.9716208340908,0
02880,196.67535326845973,0
02881,201.82415938046327,0
02882,229.06590790148965,0
02883,182.162587486731,0
02884,227.9388895247975,0
02885,187.41189650736476,0
02886,233.35693793736277,0
02887,223.9437792530114,0
02888,235.2905962033573,0
02889,199.68655342122244,0
02890,200.4515886940133,0
02891,228.8670075886721,0
02892,224.4813863346126,0
02893,200.48176317249968,0
02894,188.83670262632538,0
02895,194.69112622932283,0
02896,159.8291897815461,0
02897,167.3726628044363,0
02898,211.30347837293613,0
02899,172.646858992246,0
02900,219.79126717075067,0
02901,193.3198394643822,0
02902,258.8877739804915,0
02903,190.30878558471366,0
02904,220.24525431613685,0
02905,168.36901445640274,0
02906,243.3363127436895,0
02907,201.74530535455864,0
02908,218.6337784478584,0
02909,181.20675254573166,0
02910,224.58570754550834,0
02911,202.56922758066133,0
02912,202.578452844641,0
02913,181.2587731793941,0
02914,194.27440063138098,0
02915,179.05122948130446,0
02916,181.36382633715849,0
02917,247.96065577909147,0
02918,211.0541461501718,0
02919,189.18746183356566,0
02920,187.04173570575995,0
02921,182.93623979814538,0
02922,222.4765850980719,0
02923,201.52295474782804,0
02924,212.55960437462974,0
02925,184.99440768366924,0
02926,231.39013706010434,0
02927,225.64280286893387,0
02928,209.3956091500487,0
02929,182.28486943742786,0
02930,177.745603384787,0
02931,212.03965203113745,0
02932,191.02729713954005,0
02933,192.05771853595292,0
02934,213.00210855797863,0
02935,190.60181691608952,0
02936,166.1160712696657,0
02937,185.44785587356594,0
02938,198.0039432612692,0
02939,208.50115258649225,0
02940,204.6154544480052,0
02941,216.36076729617906,0
02942,207.1657976121081,0
02943,205.86397968911558,0
02944,193.74084368057134,0
02945,151.59943928535102,0
02946,215.80850885004753,0
02947,237.03816561773505,0
02948,206.6762195451365,0
02949,189.9342687474438,0
02950,216.4927979490575,0
02951,187.62596441694896,0
02952,228.30754135512348,0
02953,204.50138381849177,0
02954,190.67782570468654,0
02955,249.0998688574416,0
02956,213.46827682165173,0
02957,188.38473503258248,0
02958,180.30403671068402,0
02959,223.4044740227973,0
02960,185.60793126702887,0
02961,192.81143331901862,0
02962,185.7752267792885,0
02963,173.63810291172663,0
02964,187.73935236974307,0
02965,168.2531613641106,0
02966,198.4583100240772,0
02967,236.40168039995763,0
02968,173.38192953332347,0
02969,201.825651212278,1
02970,183.1974767786969,0
02971,182.11243471748938,0
02972,228.65332523300947,0
02973,146.30288642640195,0
02974,210.29700458468415,0
02975,177.28782608688175,0
02976,199.30752965072398,0
02977,207.4980091500791,0
02978,182.80237351333344,0
02979,209.69904931521395,0
02980,196.03104306534664,0
02981,192.12961728557147,1
02982,200.4804495734257,0
02983,162.38956333796585,0
02984,197.42110931019897,0
02985,250.41413942298408,0
02986,177.30031498474844,0
02987,182.17902302549425,0
02988,204.95114652996145,0
02989,221.33081253427375,0
02990,180.26932577229633,0
02991,196.95369335636045,0
02992,208.44551892046172,0
02993,191.62656535003805,0
02994,224.8305483899613,0
02995,168.73272893761168,0
02996,185.4429317674588,0
02997,229.7339903680974,0
02998,188.0492821543413,0
02999,187.19147400661478,0
03000,215.32106332020768,0
03001,220.87098436953892,0
03002,194.12777527458272,0
03003,204.13800556223893,0
03004,233.90619535305007,0
03005,216.06157234081996,0
03006,185.9172498653647,0
03007,213.18055838494166,0
03008,191.23438395444808,0
03009,189.96325609054406,0
03010,184.13398848778732,0
03011,162.81238352359787,0
03012,225.51281768437477,0
03013,208.00833277513104,0
03014,222.67949540861568,0
03015,188.13703141069732,0
03016,226.6515317305465,0
03017,218.20857241675984,0
03018,171.78813968506225,0
03019,187.59475650063212,0
03020,230.76568324907146,0
03021,192.14602399697694,0
03022,179.04000416853455,0
03023,200.37319852374225,0
03024,206.18054544074846,0
03025,165.16859770510564,0
03026,174.0431732127709,0
03027,187.13480139976963,0
03028,196.3562536799006,0
03029,198.13193834825972,0
03030,208.7975017902651,0
03031,190.9013783302104,0
03032,212.21857584158846,0
03033,224.49241116695052,0
03034,251.00611925943178,0
03035,193.36435964430297,0
03036,190.50348815308774,1
03037,206.83712935483138,0
03038,198.60334800240574,0
03039,198.4920512776802,0
03040,188.901369597592,0
03041,209.66536289874026,0
03042,179.99715901393247,0
03043,206.35930110884357,0
03044,180.1767071170924,0
03045,180.2179764660696,0
03046,227.4167220479365,0
03047,184.24855032231247,0
03048,173.97324180513135,0
03049,177.824993785356,0
03050,204.59339314903346,0
03051,217.9633068945157,0
03052,215.66067373342304,0
03053,196.50402884773538,0
03054,221.7454115151016,0
03055,200.12673404803795,0
03056,207.62930158040595,0
03057,175.10020058333635,0
03058,205.72596252152883,0
03059,225.50222194570568,0
03060,236.86325943741383,0
03061,213.11647141598075,0
03062,191.65072338836012,0
03063,187.41669544213403,0
03064,200.20788964276596,0
03065,192.5392512613703,0
03066,255.14631087377936,0
03067,211.638339748466,0
03068,167.47509920766993,0
03069,188.01462959825568,0
03070,200.82120411112422,0
03071,179.47529321545187,0
03072,246.24819564339847,0
03073,188.9123262911459,0
03074,208.51772933927188,0
03075,205.61321698619034,0
03076,192.06939748772166,0
03077,171.89545779185545,0
03078,186.1581348060667,0
03079,196.88083250442313,0
03080,206.30601139152125,0
03081,169.93478077869509,0
03082,172.2320514630348,0
03083,181.05763903072705,0
03084,220.1428667209371,0
03085,179.84534299805006,0
03086,200.83916337654554,0
03087,205.27087584562003,0
03088,225.18745680837998,0
03089,189.97651994566456,0
03090,153.76049425143106,0
03091,221.70636571800583,0
03092,222.2469672507605,0
03093,206.91687586682457,0
03094,201.48176534515628,0
03095,194.29385797051668,0
03096,215.82816738845065,0
03097,228.17847423879923,0
03098,214.36575180439664,0
03099,224.18826168249714,0
03100,191.2362238601275,0
03101,182.16669056405925,0
03102,185.4742841161226,0
03103,219.16312073337116,0
03104,238.27618627190162,0
03105,192.18752487328436,0
03106,218.5373673559798,0
03107,186.00210691427753,0
03108,166.42689820567338,0
03109,221.09118055162875,0
03110,196.4135075857192,0
03111,236.1341863727489,1
03112,213.07806336491396,0
03113,209.36162580412696,0
03114,182.2432706001624,0
03115,197.72005229538357,0
03116,186.9013702682599,0
03117,177.51258554508706,0
03118,233.04538238796502,0
03119,206.17599658153566,0
03120,166.10937797931518,0
03121,167.60786603900473,0
03122,170.70234168276468,0
03123,176.8668850543047,0
03124,210.19859801537282,0
03125,179.0936223488818,0
03126,186.49117038204253,0
03127,190.2350436417047,0
03128,197.69623924722066,0
03129,198.33452782841024,0
03130,223.91380643860117,0
03131,194.35518535519603,0
03132,176.879004183331,0
03133,175.9464206885374,0
03134,192.38202813571073,0
03135,187.90239244484877,0
03136,217.45117515733983,0
03137,190.76433757918346,0
03138,222.46615777288315,0
03139,176.18368966302984,0
03140,216.10596651852813,0
03141,237.47284692089218,0
03142,197.56509553805992,0
03143,180.20719561272048,0
03144,205.2086591223669,0
03145,213.6723322173265,0
03146,208.63401535058242,0
03147,192.50532406229647,1
03148,185.13398395055884,0
03149,181.03238791715202,0
03150,208.25556793970267,0
03151,194.68801655960362,0
03152,182.488227968592,0
03153,205.47091072220348,0
03154,192.06141811655476,0
03155,174.72655823111563,0
03156,226.20029341550114,0
03157,176.63533242237642,0
03158,194.24877901903207,0
03159,193.56752006072895,1
03160,216.5452290912373,0
03161,225.1337247357702,0
03162,187.79031783000244,0
03163,208.69696209140272,0
03164,205.3257585333095,0
03165,182.33667673226938,0
03166,215.00187227928276,0
03167,177.5448173034386,0
03168,187.79326123011586,0
03169,219.73238842538504,0
03170,173.30520254927947,0
03171,195.52275478224973,0
03172,215.5216933810088,0
03173,185.02878619111078,0
03174,148.48742884958617,0
03175,205.53662427500112,0
03176,186.25754766829502,0
03177,204.864718172827,0
03178,153.46059888361185,0
03179,207.7393692808044,0
03180,196.7801332943479,0
03181,179.10057535523737,0
03182,241.20954292306166,0
03183,205.0996011733146,0
03184,195.0604828577017,0
03185,203.79110925160427,0
03186,195.73481234385048,0
03187,229.10095416092975,0
03188,238.39012408142304,0
03189,178.662483865583,0
03190,227.22882185787083,0
03191,235.4932769559697,0
03192,182.97413140920258,1
03193,180.5811486812062,0
03194,197.2921010385784,0
03195,192.98529136482784,0
03196,196.64117527490282,0
03197,177.02131975222966,0
03198,184.07240688016742,0
03199,152.66326365156957,0
03200,216.22048548888026,0
03201,212.31904416846257,0
03202,212.4600647442682,0
03203,219.22295073119386,0
03204,210.08392730408164,0
03205,197.4609336827802,0
03206,187.44109229664207,0
03207,211.77495766225883,0
03208,176.70299027063868,0
03209,206.98051298277576,0
03210,186.77328524701372,0
03211,212.9387087131331,0
03212,230.99995953262572,0
03213,180.51470427712806,0
03214,202.7102183167156,0
03215,211.55620368804193,0
03216,227.4289407280515,0
03217,177.89223296911092,0
03218,209.80140444420175,0
03219,177.21756986395746,0
03220,193.22060560294577,0
03221,182.28987317765018,0
03222,235.8415029162495,0
03223,204.64834411568458,0
03224,225.2915387566088,0
03225,217.43120210195082,0
03226,212.29699469455232,0
03227,191.79458423765712,0
03228,208.69702117394172,0
03229,192.77410730408778,0
03230,225.59465024621613,0
03231,252.49105665801818,0
03232,201.53875137685355,0
03233,181.85009039727183,0
03234,183.37858280778462,0
03235,179.16748662506438,0
03236,192.67851765051228,0
03237,210.71980064002878,0
03238,170.27418561782713,0
03239,196.2763188205239,0
03240,189.74902370126435,0
03241,202.62891782826742,0
03242,201.39494366790763,0
03243,215.32876120084518,0
03244,206.1039546068385,0
03245,240.54922037214268,0
03246,183.9308673614467,0
03247,200.60236531102888,0
03248,200.32628159292483,0
03249,212.6149549746223,0
03250,241.89758426773093,0
03251,219.65502972286438,0
03252,192.325327073344,0
03253,205.48795334483066,0
03254,183.62739718416523,0
03255,217.1948294368626,0
03256,185.65949396685514,0
03257,179.4750919875941,0
03258,168.33042751349893,0
03259,215.62349314171175,0
03260,203.48497186727184,0
03261,189.53072595602865,0
03262,214.68456735702568,0
03263,223.94813696394914,0
03264,205.13599229268016,0
03265,188.52315336585417,0
03266,193.5430954097054,0
03267,197.77376127136472,0
03268,217.40805750961698,0
03269,181.00281041173713,0
03270,198.44362378134966,0
03271,209.52850532557906,0
03272,235.3669910822834,0
03273,190.9691403739376,0
03274,249.28715785173569,0
03275,210.27357531247188,0
03276,183.20334956555703,0
03277,215.63311148406157,0
03278,162.5345571168817,0
03279,199.60518078362435,0
03280,174.57824106647138,0
03281,196.3216189691605,0
03282,217.61862846873862,0
03283,220.9505307025618,0
03284,205.56064199024632,0
03285,201.53277951639637,0
03286,228.83741863267844,0
03287,217.96287235943083,0
03288,185.87358012828565,0
03289,169.9202860117657,0
03290,184.90887074282762,0
03291,212.2394041399863,0
03292,189.0232518450332,0
03293,213.6028011144289,0
03294,186.81963632451317,0
03295,171.6393274981732,0
03296,193.62857532356423,0
03297,203.6560843891927,0
03298,193.98774760560786,0
03299,201.13845534520888,0
03300,157.76359071355046,0
03301,194.3819344815216,0
03302,203.47447345881713,0
03303,208.04349134512736,0
03304,216.24934226071693,0
03305,226.48235643821516,0
03306,211.4464797178724,0
03307,222.8454993778364,0
03308,193.13486319852953,0
03309,218.0606696905577,0
03310,198.30699144178527,0
03311,191.14174116283462,0
03312,221.35059012548774,0
03313,197.55389373107073,0
03314,207.23442036928492,0
03315,223.78077167062818,0
03316,229.25129507593147,0
03317,192.79373459118543,0
03318,202.57443838252794,0
03319,209.91716957538637,0
03320,260.71102803685795,0
03321,179.40348620999507,0
03322,217.008904396609,0
03323,218.85530773772177,0
03324,195.48297533193167,0
03325,206.64997388564507,0
03326,182.39153162065918,0
03327,203.99807539497667,0
03328,185.86987746338005,0
03329,179.94964551682264,0
03330,227.17859927052567,0
03331,227.1456775322238,0
03332,230.49615900359564,0
03333,218.8457603491077,0
03334,163.79988360305657,0
03335,214.26492825003822,0
03336,225.53095152006864,0
03337,197.23369428163647,0
03338,187.214851449253,0
03339,204.7384298417749,0
03340,198.3695658256773,0
03341,178.5879833343104,0
03342,199.2825836266354,0
03343,210.6070898453115,0
03344,198.70030212007737,0
03345,209.26679729257964,0
03346,170.88755848970965,0
03347,204.1498572066718,0
03348,203.38783298535878,0
03349,199.34747790861925,0
03350,178.15992787514347,0
03351,157.2776334226894,0
03352,203.62293369639661,0
03353,211.80608817457627,0
03354,207.7699366982842,0
03355,197.46923158296016,0
03356,207.5636234492815,0
03357,227.5757758470365,0
03358,189.3509021928061,0
03359,182.69404111744421,0
03360,210.0544511016774,0
03361,199.84742037937977,0
03362,203.43965357735925,0
03363,195.66798878974458,0
03364,184.81817439408164,0
03365,206.71345737347625,0
03366,206.9418785756661,0
03367,198.8848894244552,0
03368,210.54758162728024,0
03369,197.59887655552893,0
03370,181.58321443968836,0
03371,211.27091334921724,0
03372,210.79729255460154,0
03373,223.63664681293787,0
03374,199.061005779391,0
03375,178.69042601012697,0
03376,188.31485466051836,0
03377,205.21870906146566,0
03378,186.18729439520766,0
03379,169.7755063508643,0
03380,199.4525432576373,0
03381,195.13020308572337,0
03382,185.20204760104582,0
03383,194.82161833791946,0
03384,162.43764631457717,0
03385,215.60068216743153,0
03386,139.83830633341458,0
03387,194.42867835439202,0
03388,195.049438872937,0
03389,181.16157854074743,0
03390,179.63524841349346,0
03391,183.1721971623545,0
03392,213.3754251518293,0
03393,183.6708202586811,0
03394,216.42487045284153,0
03395,194.678152181259,0
03396,205.4144555919969,0
03397,159.43190931908444,0
03398,178.83914941847655,0
03399,194.21743780658198,0
03400,194.8288065389911,0
03401,220.02843455626424,0
03402,209.19502252688667,0
03403,206.51768211186385,0
03404,203.22891325929385,0
03405,171.6319226858265,0
03406,193.622538793405,0
03407,181.51142492679242,0
03408,205.4680643521879,0
03409,178.6783675133808,0
03410,212.38726498823965,1
03411,192.33656983719948,0
03412,223.45503741625961,0
03413,175.5163390729044,0
03414,198.56024783686723,0
03415,188.58861248443577,0
03416,229.78708475898043,0
03417,185.4362018727662,0
03418,159.21456103460483,0
03419,215.0079830525116,0
03420,204.93793829710327,0
03421,199.03815791209672,0
03422,234.09264289946987,0
03423,228.8838439820089,0
03424,219.52255913121903,0
03425,191.38305423238927,0
03426,210.3519884665094,0
03427,223.07118949137967,0
03428,168.83631891590355,0
03429,197.8354698718879,0
03430,198.69821149197534,0
03431,206.06899599863064,0
03432,241.08857162260892,0
03433,197.97214913702845,0
03434,225.06576997580407,0
03435,194.59074392177655,0
03436,177.04663684784504,0
03437,190.56975875945403,0
03438,220.9149396882342,0
03439,181.49494121081185,0
03440,194.76143087713695,0
03441,186.14154332216876,0
03442,211.5828242152381,0
03443,221.79555067405406,0
03444,208.27551434098746,0
03445,217.0361387714424,0
03446,234.87970992235506,0
03447,195.9154736873916,0
03448,226.39932798401273,0
03449,208.99003180311175,0
03450,180.87064605362139,0
03451,186.28065644492534,0
03452,212.0950110734095,1
03453,196.07886984089274,0
03454,176.15207543429935,0
03455,210.45910198965106,0
03456,229.47018431738343,0
03457,219.2022269982516,0
03458,215.38881722824627,0
03459,211.75421697390868,0
03460,204.8819788123488,0
03461,193.70653426587032,0
03462,194.65764346367678,0
03463,215.13723248161116,0
03464,184.44158132442155,0
03465,207.3638798960737,0
03466,198.92181588089775,0
03467,209.300195993524,0
03468,211.50901195849747,0
03469,225.32768210894326,1
03470,159.3080247792044,0
03471,207.5409915047431,0
03472,225.78942348798,0
03473,214.25868255856543,0
03474,210.18612638874913,0
03475,182.414162555046,0
03476,214.9486460551822,0
03477,192.36106187373537,0
03478,180.19425453694095,0
03479,197.2334031612971,0
03480,209.59537052582832,0
03481,213.12173100992808,0
03482,191.38206704180675,0
03483,203.4683623533726,0
03484,210.25204252088267,0
03485,189.55771562026393,0
03486,185.11462101041636,0
03487,192.69082052300877,0
03488,194.43732086853498,0
03489,180.62247974075476,0
03490,186.17333535671779,0
03491,193.0330147260502,0
03492,229.32070155004635,0
03493,244.7113591149264,0
03494,196.68476579550523,0
03495,190.0903329863138,0
03496,183.19309789893,0
03497,218.0371772897808,0
03498,173.522579579669,0
03499,227.24829082160258,0
03500,221.69677396897077,0
03501,167.07664591709522,0
03502,177.9505773632477,0
03503,209.33588245951478,0
03504,155.05797477167806,0
03505,189.5902449185703,0
03506,181.38828300119928,0
03507,206.3720785879904,0
03508,201.9118130420818,0
03509,223.29201475328978,0
03510,186.9538102271005,0
03511,189.81378497389693,0
03512,191.87022036181222,0
03513,216.4759143089341,0
03514,173.25804608193224,0
03515,191.01360262246382,0
03516,187.13418586407013,0
03517,218.03267966721836,0
03518,213.52210485602677,0
03519,194.51874020582284,0
03520,230.08540060314908,0
03521,191.29469714070905,0
03522,221.8181167113174,0
03523,190.61815063167418,0
03524,193.66374198683496,0
03525,233.68024298404188,0
03526,183.54357848814354,0
03527,200.402260152521,0
03528,160.1318148498403,0
03529,166.02641718061125,0
03530,167.85913028713003,0
03531,219.57618480712665,0
03532,232.13689616716763,0
03533,184.3828582190778,0
03534,241.53225932826768,1
03535,203.1183473301405,0
03536,194.77540241851227,0
03537,183.54401984973902,0
03538,216.55693697306424,0
03539,227.74338676675927,1
03540,200.54224529762809,0
03541,239.12422104671384,0
03542,188.93484443879404,0
03543,180.71853480768493,0
03544,222.2674769533703,0
03545,207.82072042725355,0
03546,235.99993674275757,0
03547,226.29909974660202,0
03548,208.4867558092381,0
03549,194.4141945088958,0
03550,179.4712505210234,0
03551,199.06066434459208,0
03552,212.4692491323419,0
03553,189.87221167854298,0
03554,192.7515235796291,0
03555,228.40385605986424,0
03556,208.78411573599297,0
03557,179.75805434148486,0
03558,227.21325582341098,0
03559,215.82795832829694,0
03560,199.75152052833056,0
03561,194.84987099361288,0
03562,179.3804540120766,0
03563,189.46897512003005,0
03564,184.46702474260485,0
03565,206.10050095909457,0
03566,247.8058743068351,0
03567,210.1216217387699,0
03568,209.35986859046588,0
03569,203.9066915842686,0
03570,231.18197365685057,0
03571,163.11839549943244,0
03572,201.9919233679152,0
03573,191.73523727703798,0
03574,212.02990311418367,0
03575,194.80140460550007,0
03576,206.43286955482375,0
03577,202.41087350390046,1
03578,225.3830050920258,0
03579,208.52046848395858,0
03580,195.64525145625973,0
03581,222.9501447989991,0
03582,191.7754214630037,0
03583,186.00848708238817,0
03584,204.2314376329837,0
03585,167.99728430474335,0
03586,188.9725500526096,0
03587,207.66081155347274,0
03588,242.64194166118483,0
03589,184.99656940417483,0
03590,173.96652308032793,0
03591,180.79012119546996,0
03592,167.75506563494253,0
03593,225.8828200487912,0
03594,201.08574478078077,0
03595,213.64200963977413,0
03596,183.8204013228407,0
03597,159.6663308040998,0
03598,213.0020316257422,0
03599,226.8990778409689,0
03600,214.94603683007608,0
03601,200.78835924436044,0
03602,205.88647617296976,0
03603,191.8616631824028,0
03604,200.95980715195904,0
03605,196.31619091200463,0
03606,167.63258146379474,0
03607,217.7808958998878,0
03608,182.5314981043107,0
03609,204.7931466060862,0
03610,193.66346225499677,0
03611,167.98979508035114,0
03612,193.1020101708501,0
03613,180.89620421766568,0
03614,158.24087923774968,0
03615,191.8405470729235,0
03616,198.8984178045608,0
03617,192.60730051956483,0
03618,212.08076758964094,0
03619,207.04676235610847,0
03620,194.3659676449238,0
03621,204.92397964835314,0
03622,208.74665050110755,0
03623,174.15889868388916,0
03624,197.7766247311441,0
03625,193.85547985979707,0
03626,201.68739402032747,0
03627,216.07845197266982,0
03628,168.1847385260195,0
03629,185.85536510770885,0
03630,206.84479189265573,0
03631,203.65958995395187,0
03632,219.37273502474045,0
03633,203.3931588564557,0
03634,197.57693000128108,0
03635,236.71695542688593,0
03636,170.07246369968874,0
03637,201.80423780358333,0
03638,192.16458071524798,0
03639,181.85885062497536,0
03640,208.6639934910428,0
03641,212.24144378372628,0
03642,186.02093908915865,0
03643,218.16555917299172,0
03644,173.1539664214305,0
03645,213.34460706815713,0
03646,203.47600679085213,0
03647,174.2637950605819,0
03648,180.7933571128451,0
03649,202.58147265648088,0
03650,187.31479087971638,0
03651,208.90810997121056,0
03652,175.0983608185108,0
03653,197.07032363876007,0
03654,178.10209073638484,0
03655,193.36715134240714,0
03656,212.78578584352402,0
03657,201.70164847371,0
03658,211.11298790303184,0
03659,186.91913265619172,0
03660,210.88533784029562,0
03661,195.24359399645627,0
03662,243.04810433578956,0
03663,225.8508830486479,0
03664,180.19163656196213,0
03665,194.3860322022841,0
03666,216.4145798939669,0
03667,193.07687336412994,0
03668,221.44041754166938,0
03669,179.04677455404277,0
03670,175.59942251478043,0
03671,214.60142346748736,0
03672,230.80800311975264,0
03673,185.5679006244911,0
03674,221.84827131462396,0
03675,197.92617637115927,0
03676,195.4542725888271,0
03677,224.9815132830767,0
03678,184.94542773543137,0
03679,211.88680367642712,1
03680,205.5511715140698,0
03681,191.60456296333305,0
03682,164.39680335312636,0
03683,212.11651720127688,0
03684,196.80508761750954,0
03685,210.6803290946535,0
03686,191.85643663132774,0
03687,233.67464927119352,0
03688,224.27882301604808,0
03689,238.92690605362228,0
03690,188.53326277972647,0
03691,209.31686507316994,0
03692,207.61510344245497,0
03693,203.052038697431,0
03694,231.66063631006483,0
03695,211.57555238350025,0
03696,171.1682593713817,0
03697,195.5110231306046,0
03698,201.49408671280992,0
03699,238.75482474217586,0
03700,192.20082540957617,0
03701,199.19992064658925,0
03702,183.2392168407666,0
03703,203.0216529259885,0
03704,201.63740000928638,0
03705,225.90818253351196,0
03706,211.2870574239478,0
03707,195.04339870987158,0
03708,202.02893165783047,1
03709,206.81582343127243,0
03710,171.15726413891906,0
03711,210.0758707630877,0
03712,216.93143316428035,0
03713,228.54492256451505,0
03714,183.3846118058213,0
03715,226.04554030470638,0
03716,216.87324000090874,0
03717,190.31649750252262,0
03718,210.7658833118321,0
03719,212.25776905005443,0
03720,197.80016680038716,0
03721,213.80460954177553,0
03722,191.71990436093583,0
03723,161.64816492183365,0
03724,210.54884266018274,0
03725,209.5928300627646,0
03726,213.31813912037302,0
03727,202.370467812256,0
03728,161.65951167245106,0
03729,179.40377274706103,0
03730,189.9335919312932,0
03731,201.08878949269422,0
03732,194.33060506018646,0
03733,215.74857975873945,0
03734,240.57189938426149,0
03735,191.02334990192583,0
03736,173.47392460868048,0
03737,186.85392837437053,0
03738,218.5907143227902,0
03739,194.98875606079918,0
03740,203.372055798328,0
03741,189.27371821852122,0
03742,207.64998258978073,0
03743,185.62249198727375,0
03744,183.4290219970451,0
03745,182.18316186588942,0
03746,180.38470975585096,0
03747,193.66338230107223,0
03748,190.2670189472048,0
03749,206.72086105187236,0
03750,209.43141018217085,0
03751,208.93951977756626,0
03752,170.15866905798046,0
03753,221.87496341497214,0
03754,200.9808262904958,0
03755,181.7944434609896,0
03756,204.12535453724573,0
03757,185.02066158999503,0
03758,214.6066308517539,0
03759,191.7483156618334,0
03760,199.56995727374667,0
03761,218.20748158375164,0
03762,175.42965828775226,0
03763,168.83255727591268,0
03764,198.28454382454314,0
03765,188.24890942401254,0
03766,192.08563180045365,0
03767,174.35980619595378,0
03768,202.47986554928872,0
03769,190.90211401611552,0
03770,194.57619441809268,0
03771,182.2558834725695,0
03772,204.53710698106204,0
03773,185.59224505463746,0
03774,178.4890706005897,0
03775,216.60744954753483,0
03776,184.80035578531343,0
03777,184.53029903023054,0
03778,167.49480736464017,0
03779,215.27023364815335,0
03780,232.84132330290956,0
03781,227.38723085020646,0
03782,213.4598204616751,0
03783,161.73079237976842,0
03784,205.9076556909992,0
03785,224.42230662951562,0
03786,179.91694213244892,0
03787,185.9812862755845,1
03788,212.51252390750605,0
03789,192.33219363304946,0
03790,197.07275751299403,0
03791,202.95962981955566,0
03792,196.98889865250723,0
03793,202.87135639874512,0
03794,210.1450706138305,0
03795,223.26421786822232,0
03796,231.0998421774561,0
03797,190.23042938505827,0
03798,170.91160866129798,0
03799,225.5422464513389,0
03800,186.2901985172961,0
03801,201.47593567071166,0
03802,215.53096472755374,0
03803,213.37383957172915,0
03804,188.2991955908754,0
03805,205.99676471760793,0
03806,205.47986159626404,0
03807,186.23998001410834,0
03808,176.1280612642389,0
03809,209.28470504801035,0
03810,164.18654758688388,0
03811,194.38866404189397,0
03812,198.3582473455475,0
03813,217.54445623880042,0
03814,212.32174981839304,0
03815,191.81678345311857,0
03816,257.3107951164245,0
03817,237.01976605501005,0
03818,209.46009998477305,0
03819,216.82683977666053,0
03820,201.15151095479092,0
03821,202.09357540123244,0
03822,182.5381897265729,0
03823,195.88185534295158,0
03824,233.5365411768404,0
03825,206.92861158342342,0
03826,232.98089668144587,0
03827,178.95231221463075,0
03828,196.65030066589648,0
03829,200.274903827147,0
03830,197.0925276693042,0
03831,235.1177934333528,0
03832,206.68946254557903,0
03833,168.63330439071964,0
03834,237.1433809809928,0
03835,209.00561776596757,0
03836,177.33982683830206,0
03837,193.52857452091177,0
03838,242.3993528108861,0
03839,157.60760482621507,0
03840,206.03401335764883,0
03841,198.80934559677297,0
03842,209.78934151291247,0
03843,209.29676740985843,0
03844,216.8779556896402,0
03845,172.30890143175787,0
03846,208.9059134410133,0
03847,205.7477472229228,0
03848,210.89207915058807,0
03849,192.54662741363128,0
03850,197.381178286381,1
03851,233.29443747662455,0
03852,215.51415415860475,0
03853,203.76114210006799,1
03854,171.39100667532952,0
03855,202.59728136304471,0
03856,224.12100168950383,0
03857,206.92724704270807,0
03858,206.94247600610117,0
03859,213.29414918933188,0
03860,174.42008566659905,0
03861,152.81338975443308,0
03862,215.14923360438223,0
03863,188.09787829043114,0
03864,183.97543313826154,0
03865,203.38511248954967,0
03866,219.99323228879746,0
03867,204.6417735679239,0
03868,220.75823259847516,0
03869,219.28715712021867,0
03870,225.00888615685736,0
03871,188.53252675910232,0
03872,250.47828511658764,0
03873,183.1591002166922,0
03874,161.1964404186111,0
03875,230.08568975484434,0
03876,176.84192099602672,0
03877,206.76647556525663,0
03878,195.2333369866119,0
03879,181.91151920879537,0
03880,175.48110231850433,0
03881,194.37871851183425,0
03882,187.8952916249991,0
03883,225.85399084070585,0
03884,204.69858732342172,0
03885,184.5766711981878,0
03886,197.60044727289483,0
03887,175.4866585978624,0
03888,222.63446478155132,0
03889,221.50665748067004,0
03890,198.13790573143368,0
03891,204.60274946891005,0
03892,186.09599673268042,0
03893,207.9778204347082,0
03894,214.4080383720759,1
03895,170.75941738399618,0
03896,199.70822464326758,0
03897,194.78015653324877,0
03898,230.81441049998736,0
03899,207.25345762339478,0
03900,235.07312985674696,0
03901,239.21853421221306,0
03902,190.86382648808848,0
03903,236.43268370953285,0
03904,163.97435159952198,0
03905,170.68482230651472,0
03906,226.75906017404378,0
03907,198.1039557705986,0
03908,242.88945526790337,0
03909,196.30463041603878,0
03910,177.62760768866124,0
03911,218.98073318009438,0
03912,206.10239290216353,0
03913,201.73724718765408,0
03914,187.0630656304866,0
03915,195.85104015483998,0
03916,190.1610182135712,0
03917,216.44960541602015,0
03918,202.32986027994508,0
03919,150.68797218948274,0
03920,211.05474692743732,0
03921,185.46497479943343,0
03922,191.8749058066112,0
03923,210.01985483451188,0
03924,191.07403713926143,0
03925,212.93943390224513,0
03926,227.0615035519561,0
03927,166.75738140605128,0
03928,246.28503231387862,1
03929,197.41559287406187,0
03930,249.20969593743723,0
03931,162.5272702366094,0
03932,199.11126158194273,0
03933,168.11171056959088,0
03934,182.40645949180862,0
03935,159.8927680102986,0
03936,180.6530638681606,0
03937,180.52156786130456,0
03938,201.38883570023035,0
03939,186.07769158736423,0
03940,201.411355127748,0
03941,234.53746325553868,0
03942,204.1925456075434,0
03943,227.53646750934382,0
03944,207.4814651644285,0
03945,205.41535524560882,0
03946,219.30801427819276,0
03947,218.1452696432806,0
03948,213.7861835429189,0
03949,181.60397477131042,0
03950,179.03877464762027,0
03951,210.04083281181062,0
03952,199.77492902617942,0
03953,209.86465244310722,0
03954,197.3403174044592,0
03955,162.9101030305988,0
03956,195.67839678022193,0
03957,214.9036663661416,0
03958,173.65929801527602,0
03959,214.5698124054258,0
03960,193.9269952939856,0
03961,204.5601157208113,0
03962,206.45077728929533,0
03963,185.29348510183854,0
03964,211.46178960525276,0
03965,182.8617590376615,0
03966,219.59254232850472,0
03967,215.22078485244944,0
03968,216.19167840336854,0
03969,182.6591942828982,1
03970,181.72419476537544,0
03971,251.1219466021536,0
03972,190.41097330732453,0
03973,210.73549665192306,0
03974,188.476346582614,0
03975,227.12337831145294,0
03976,193.97921888841427,0
03977,208.93261415780367,0
03978,231.81345789389047,0
03979,170.24845466642097,0
03980,230.36709559047625,0
03981,215.20313449399043,0
03982,185.88290274087657,0
03983,152.1652844922299,0
03984,187.68191478730682,0
03985,192.9137722870076,0
03986,198.31269105162468,0
03987,215.62652167817603,0
03988,198.22942233432556,0
03989,192.80279682694308,0
03990,190.4813228494387,0
03991,178.27481806498767,0
03992,204.6824786402889,0
03993,179.94455184410154,0
03994,208.0630837579544,0
03995,200.43828585155097,0
03996,185.3043863268489,0
03997,223.37590641640605,0
03998,184.19701148158697,0
03999,245.35116895296989,0
04000,229.19188157984271,0
04001,164.57187550754298,0
04002,197.50436306878294,0
04003,214.63647773042356,0
04004,166.98644296208744,0
04005,204.49200135348636,0
04006,160.16374650972105,0
04007,168.77021012124607,0
04008,210.11068776302275,0
04009,204.3445038758534,0
04010,153.80738511803236,0
04011,200.8769124350812,0
04012,128.31814150108949,0
04013,182.1480900112451,0
04014,229.67892777211884,0
04015,235.7922700306296,0
04016,186.26969841901285,0
04017,170.9027405446886,0
04018,188.67006216103238,0
04019,214.4087773897548,0
04020,198.16561354422095,0
04021,204.3488656071025,0
04022,177.52438716277726,0
04023,191.75795023119838,0
04024,186.00237733819415,0
04025,192.7288189984847,0
04026,139.0133125435119,0
04027,205.14709151823027,0
04028,179.23251334641995,0
04029,185.95826992792462,0
04030,180.857293685828,0
04031,219.50105564026393,0
04032,189.80485645865855,0
04033,197.94261190183084,0
04034,193.29356700920744,0
04035,176.46667173427392,0
04036,197.05914702236413,0
04037,252.22090592548295,0
04038,233.9351747658982,0
04039,200.61363621744027,0
04040,257.4237064024127,0
04041,196.69756587851597,0
04042,193.21111798018003,0
04043,196.70641312618434,0
04044,190.0113096955225,0
04045,209.38296727381262,0
04046,181.20600020172566,0
04047,156.90880532398415,0
04048,202.70664981596678,0
04049,190.06354991030213,0
04050,198.04587652444653,0
04051,223.2398700085496,0
04052,216.98841316808756,0
04053,204.28879266529196,0
04054,199.32927649054466,0
04055,189.05535637647725,0
04056,220.9708230177588,0
04057,204.77626852939008,0
04058,209.4105042037438,0
04059,209.85210699532493,0
04060,199.53554806954634,0
04061,196.91141563190857,0
04062,189.2815499197127,0
04063,201.85876361116374,0
04064,176.6187501474553,0
04065,205.77678922099665,0
04066,207.05591371623754,0
04067,170.22247927940796,0
04068,209.3751681379611,0
04069,194.00099957942257,0
04070,224.92378444959255,0
04071,196.58918550309406,0
04072,194.54093880945203,0
04073,213.47772092746587,0
04074,192.02473552537214,0
04075,204.39512171186178,0
04076,170.0907658855092,0
04077,194.35025901280193,0
04078,223.37824125061474,0
04079,204.22505375190423,0
04080,176.7195912933571,0
04081,228.1884926266231,0
04082,240.89302518575482,0
04083,174.45698136922266,1
04084,189.22847724829546,0
04085,213.79857893337694,0
04086,207.8168836330198,0
04087,201.04579169211573,0
04088,220.26295562208202,0
04089,233.85493087233152,0
04090,173.80077209651813,0
04091,222.97036080912986,0
04092,188.98658889506908,0
04093,175.69133978854782,0
04094,157.0795121414945,0
04095,216.00020323790292,0
04096,210.42823275547045,0
04097,172.83558340716738,0
04098,182.48438176192587,0
04099,195.74451126744114,0
04100,211.1607971001205,0
04101,229.79094671198908,0
04102,213.82613978924675,0
04103,244.11196206323962,0
04104,235.10657668419915,0
04105,189.49040347217104,0
04106,185.3151345822988,0
04107,172.75610118675712,0
04108,224.03663042150797,0
04109,199.1927144949716,0
04110,223.17958552465785,0
04111,219.5016237377041,0
04112,213.17325310535037,0
04113,189.00850119190648,0
04114,164.7872249558872,0
04115,208.29816518030546,0
04116,207.81634251254602,0
04117,229.13512582233997,0
04118,221.14155346464264,0
04119,228.2335552191932,0
04120,249.35723958998048,0
04121,205.60148199224685,0
04122,154.36713559497792,0
04123,200.3073711440736,0
04124,194.26036455294704,0
04125,218.70485639119582,0
04126,206.98979705099643,0
04127,235.03444039856407,0
04128,188.60791022115623,0
04129,192.68236152535815,1
04130,151.57749706793726,0
04131,205.47442347784062,0
04132,187.02073585378076,0
04133,169.61964007686046,0
04134,183.2183355661431,0
04135,195.58401275038867,0
04136,198.41837250152426,0
04137,238.55050584366566,0
04138,210.14283500965183,0
04139,200.544656719849,0
04140,225.96412144726872,0
04141,197.53153033006672,0
04142,176.98386763986102,0
04143,228.55769134886214,0
04144,186.40282885001358,0
04145,202.14985105026912,0
04146,232.84446715913145,0
04147,210.15802011066245,0
04148,181.13262092521185,0
04149,170.76322814340023,0
04150,203.66853863242105,0
04151,227.48289926808016,0
04152,198.9636585117418,0
04153,204.8385560570559,0
04154,225.982366050892,0
04155,193.91544094288366,0
04156,201.8396477901728,0
04157,215.8612328587301,0
04158,196.00676582811602,0
04159,200.2537525676707,0
04160,213.92600505116297,0
04161,193.74604772512114,0
04162,191.78006502630805,0
04163,222.65708280988937,0
04164,201.34054474712175,0
04165,167.6712180548413,0
04166,202.23558633014122,0
04167,191.8287369322323,0
04168,182.62274276359875,0
04169,209.35715252180168,0
04170,197.37540787745255,1
04171,178.46877269868102,0
04172,172.60532953832055,0
04173,217.8901512844444,0
04174,214.3799456091174,0
04175,167.2645278062211,0
04176,178.4848955329633,0
04177,194.13247689240487,0
04178,196.17831058456952,0
04179,225.70958141317232,0
04180,218.60641161806456,0
04181,184.97597146162408,0
04182,201.43470712423607,0
04183,237.495810222483,0
04184,188.11870015627764,0
04185,224.81963957469503,0
04186,221.10809540259322,0
04187,205.11115731538374,0
04188,229.40544608908797,0
04189,228.61204804310248,0
04190,193.94145879748746,0
04191,211.17593628439917,0
04192,218.8589994513389,0
04193,208.6236850545773,0
04194,204.65757715522042,0
04195,189.34255983140523,0
04196,171.879314872194,0
04197,222.98706137540637,0
04198,199.16637309593847,0
04199,177.58736853050746,0
04200,212.3001521616181,0
04201,162.20102549342693,0
04202,223.9537683064357,0
04203,205.89415164287158,0
04204,223.77957656960083,0
04205,203.13826831206958,0
04206,201.68173034570543,0
04207,183.09695692759288,0
04208,213.32261019084876,0
04209,157.43046425044383,0
04210,192.19707861942916,0
04211,205.3637526471062,0
04212,201.61888402932883,0
04213,214.37665133553904,0
04214,210.19246792472725,0
04215,201.39999515150603,0
04216,213.06646166761593,0
04217,189.25843024829723,0
04218,199.82422423882025,0
04219,198.6556954840069,0
04220,204.2328646516966,0
04221,197.43975505318642,0
04222,202.4813395347818,0
04223,209.3878438947542,0
04224,223.779381850351,0
04225,204.58413449750432,0
04226,165.30358614900825,0
04227,214.53344667691138,0
04228,183.86738189452174,0
04229,225.86539031348474,0
04230,246.36881757746704,0
04231,200.25773334166928,0
04232,222.78158913677356,0
04233,177.68789698556145,0
04234,233.64484746249653,0
04235,207.55917870854302,0
04236,191.78189649058567,0
04237,192.76936446654142,0
04238,196.40742303474505,0
04239,196.86988952661088,0
04240,180.6730902661743,0
04241,198.14607806580403,0
04242,214.411295261594,0
04243,211.81355649999568,0
04244,229.0249641903864,0
04245,200.89833187622315,0
04246,197.40494541276828,0
04247,189.8074466904063,0
04248,181.1573558242092,0
04249,186.84819593942143,0
04250,197.90851404505972,0
04251,196.23108744468453,0
04252,209.02822705124768,0
04253,251.5425716349214,0
04254,189.69767984047272,0
04255,214.70894525403403,0
04256,206.0568558837908,0
04257,163.37878805414414,0
04258,173.2154903584715,0
04259,207.82403682967478,0
04260,202.21049011769236,0
04261,164.73160795459407,0
04262,173.55815145618777,0
04263,204.80998126612627,0
04264,207.56130319948826,0
04265,156.64182999789637,0
04266,187.85191053806153,0
04267,174.96982540144973,0
04268,190.94381167714837,0
04269,189.02471716281983,0
04270,197.5061814044005,0
04271,215.0583093952294,0
04272,223.5753127661203,0
04273,191.4422542360757,0
04274,196.64813007909618,0
04275,198.22810410658838,0
04276,205.34712714293187,0
04277,188.89819732255438,0
04278,223.39717011726367,0
04279,152.1971095117679,0
04280,213.35792035570748,0
04281,177.32548642464926,0
04282,160.9630335988669,0
04283,190.56115630046267,0
04284,185.42624755619326,0
04285,235.44024619202082,0
04286,174.28697405864781,0
04287,215.3082857826053,0
04288,210.00466354642134,0
04289,202.00232267894827,0
04290,200.25579871947033,0
04291,194.314021568578,0
04292,176.17816037487827,0
04293,208.9403155085248,0
04294,221.4935246977399,0
04295,156.40784305221507,0
04296,244.2212346532406,0
04297,208.88671081540383,0
04298,171.14501330521904,0
04299,212.88848271351827,0
04300,192.51797132000794,0
04301,198.48997891805487,0
04302,200.33288407846155,0
04303,183.35056658383516,0
04304,180.43385174404884,0
04305,173.1213892276644,0
04306,190.30141762271552,0
04307,178.41882350458923,0
04308,199.95857574626137,0
04309,204.49098992797647,0
04310,248.27425423909676,0
04311,192.58047331950962,0
04312,209.04786001020915,0
04313,214.3593288093851,0
04314,226.18546905191775,0
04315,235.55052859684332,0
04316,191.17223008526898,0
04317,208.03111602083357,0
04318,214.25574295516356,0
04319,195.28545520876222,0
04320,147.20689384491897,0
04321,1080.3973420578222,0
04322,1040.570397805835,0
04323,988.9804581874796,1
04324,835.6336238054282,0
04325,1181.2598854735204,0
04326,969.9420702941615,0
04327,1174.538468339682,0
04328,856.4730829680747,0
04329,1158.9033395049457,0
04330,735.8056079699463,0
04331,842.5293687688188,0
04332,733.0408999119761,0
04333,711.1510259352306,1
04334,935.7847987564501,0
04335,699.9177145522845,0
04336,1184.688297428651,1
04337,894.9155752705243,1
04338,1082.9189345410664,0
04339,778.9534661374107,1
04340,1120.793523868107,0
04341,925.705082012887,0
04342,762.8189935202001,0
04343,1130.637430954215,0
04344,848.8399057198701,0
04345,700.461508875752,0
04346,853.8077590654772,1
04347,790.8188826975083,1
04348,767.1841085393187,0
04349,1061.4507861823279,0
04350,920.9910653815317,0
04351,1176.5265836964886,0
04352,844.6682066305094,0
04353,728.0899942151782,1
04354,1065.6902069722119,0
04355,986.2850635347031,0
04356,776.5884996093733,0
04357,738.9933131431656,0
04358,857.8679451111025,0
04359,1094.7423254856683,1
04360,931.8265970583383,0
04361,1165.6619885037885,0
04362,914.5618180978582,0
04363,804.8884602402867,0
04364,1010.9206870611445,0
04365,779.1851520222174,0
04366,879.6805498461918,0
04367,756.4584567260786,0
04368,904.5524956482286,1
04369,989.2402927015195,0
04370,1007.416794181483,0
04371,967.5503662699884,0
04372,926.1341001662759,0
04373,1198.8572668369648,0
04374,777.3068258702737,0
04375,1048.428721707797,0
04376,929.0742455117011,1
04377,857.1148515796765,0
04378,915.2243457342695,1
04379,1188.3181164562382,1
04380,1138.7277783740349,0
04381,971.4621742522913,0
04382,1050.2363500431438,1
04383,1172.7841788395135,0
04384,931.956075605732,0
04385,734.1171146720544,1
04386,831.6888342130089,1
04387,921.447293098071,0
04388,749.7083207579994,0
04389,793.6794111100271,0
04390,763.9235574300435,0
04391,810.0436004900555,0
04392,1074.9846445397493,1
04393,739.1219913665852,0
04394,1169.9706508525283,0
04395,673.8897287207374,0
04396,1130.7863350998769,1
04397,1115.547270053547,1
04398,1098.7543092561355,0
04399,1048.1682031382863,0
04400,1008.2870841902753,0
04401,752.8106265483675,0
04402,779.8302716041217,0
04403,990.8376409231246,0
04404,916.0245730241975,1
04405,938.9697269392864,0
04406,1183.466620141,0
04407,751.3116488133142,0
04408,1129.4147102165348,1
04409,1075.4144800960378,1
04410,1134.2455458979523,1
04411,1159.3953408280772,0
04412,1065.0017095890878,0
04413,1000.0449391391279,1
04414,1007.040137736222,0
04415,752.3878916555938,0
04416,744.6323327206092,0
04417,1070.77387683868,1
04418,979.0082661079075,0
04419,1043.0605179044824,1
04420,792.9151059014035,1
04421,832.6420978380952,1
04422,943.0876857379617,1
04423,917.4591926430227,0
04424,692.81456182673,0
04425,1018.89852930135,1
04426,1092.3957549673194,1
04427,998.2046121056301,0
04428,1130.286355295298,0
04429,901.0197339524265,0
04430,702.95360220464,1
04431,810.2881660990158,0
04432,1019.6944336801005,0
04433,907.0005719317646,0
04434,717.7634684268148,0
04435,774.5950777072903,0
04436,1061.2599437640329,0
04437,1100.3402181147824,0
04438,945.4171390788633,0
04439,733.7155311991467,1
04440,1093.4327245698382,0
04441,742.6806506708933,0
04442,1115.2613671066406,0
04443,1072.6590371171837,1
04444,970.7648519113528,1
04445,778.0152483225997,0
04446,1078.830801680058,1
04447,774.8791998702545,0
04448,985.9483641625565,1
04449,1031.0462003334287,0
04450,1122.331272725005,0
04451,815.9922366837628,1
04452,985.7431194336258,0
04453,834.462456447482,0
04454,1023.5343760890687,0
04455,845.9816358384976,1
04456,685.3312850707489,0
04457,1012.5356971182597,0
04458,825.1714372085894,1
04459,1106.6421024929373,0
04460,728.4792754095303,0
04461,1148.712282172095,0
04462,750.7596217724055,0
04463,812.5425394011685,0
04464,1005.6548773120277,1
04465,1004.5045856534023,0
04466,1144.2249352882243,0
04467,1016.0578132364011,1
04468,1212.3385474505774,1
04469,710.8617264513202,1
04470,800.9272288279413,0
04471,773.0349591487928,0
04472,854.0381100998329,0
04473,972.8645627596118,0
04474,1037.9831969827508,1
04475,974.0690386529334,1
04476,963.7214769076796,1
04477,857.822388303207,1
04478,818.777647831949,1
04479,832.2005170917787,0
04480,788.3071828177458,0
04481,814.6922583804007,1
04482,756.0129645871613,0
04483,928.5325953454093,0
04484,756.8210279245948,0
04485,790.0530336835254,1
04486,1132.3432790260083,1
04487,995.9648351076057,0
04488,688.2300426185369,1
04489,837.0236124372822,0
04490,746.1106388609948,1
04491,1092.880494032369,0
04492,945.2218832291711,0
04493,721.1488607630009,0
04494,1138.2733805234848,0
04495,1210.5670954386949,0
04496,933.2132215457679,0
04497,1073.2878904329082,1
04498,984.5919841924263,0
04499,1053.01593473207,1
04500,1023.5772687158213,1
04501,1026.4870714820827,0
04502,1012.1590772344489,0
04503,770.3907052561353,0
04504,1101.7267342514392,0
04505,770.9885420367144,0
04506,731.7450579440556,0
04507,970.6988427921018,0
04508,803.7011778050203,1
04509,1190.5338774578408,0
04510,807.0336780588576,0
04511,1202.5285356475079,0
04512,753.6409216958493,0
04513,883.8038313169137,0
04514,889.8546174048925,0
04515,766.7938660186034,0
04516,710.5543621601873,0
04517,1151.63146189022,1
04518,1101.5554102150013,0
04519,987.8870390527118,0
04520,921.9124990551018,1
04521,1182.1994908769004,0
04522,750.3116334244663,0
04523,1067.9694488639345,1
04524,686.1251200994052,1
04525,693.6846392802072,0
04526,833.8409340162736,0
04527,777.9982441592745,0
04528,759.4247149740161,0
04529,1050.8338320416121,0
04530,852.3471397021956,0
04531,1136.2179704130317,0
04532,1161.3493466991454,0
04533,899.0252187763939,0
04534,1180.6358573453313,0
04535,755.2009610844914,0
04536,912.2403187830555,0
04537,1163.5091335944255,1
04538,1227.2792283531717,1
04539,1146.4768430432682,0
04540,1030.2946175829784,0
04541,1113.9360455116812,0
04542,682.355126805483,1
04543,848.6971281263912,1
04544,878.3990865788337,0
04545,778.9998455586745,0
04546,680.775371815759,0
04547,950.0039384987849,0
04548,1027.9471173338843,1
04549,705.8935256761232,0
04550,960.3735679034855,0
04551,861.2180360267349,0
04552,852.7180377298672,0
04553,823.5499464037972,0
04554,875.8750022731001,0
04555,932.6441582412853,0
04556,1080.4901565811283,0
04557,1131.470453301849,1
04558,1068.9799415325529,0
04559,1071.6023114851623,0
04560,898.1950176395171,1
04561,736.4463384934126,0
04562,926.0247503109374,1
04563,917.5850018026099,0
04564,876.4712533782778,1
04565,809.0248263367043,0
04566,833.2551853849623,0
04567,692.5824666887581,1
04568,1167.400936406075,0
04569,761.153829363519,0
04570,779.2109917290278,0
04571,929.2864348555782,1
04572,1082.394060987886,0
04573,1061.3320470384479,0
04574,1041.5430823986014,1
04575,1095.700383334864,1
04576,969.5629109538269,0
04577,940.278673779379,0
04578,932.4420322860126,0
04579,936.4459226883945,1
04580,903.429562235661,0
04581,1002.1272439044301,1
04582,841.9502522157668,0
04583,826.5318063620782,1
04584,977.5979200595525,0
04585,817.6203518182297,0
04586,748.3592005075848,0
04587,886.3030192853307,1
04588,1132.1683248103996,0
04589,1027.9386877028858,0
04590,857.9283106365864,0
04591,1140.1842455911465,0
04592,770.2188428887935,0
04593,831.9955102135428,0
04594,974.7825700104506,0
04595,1176.7570405278523,1
04596,811.3874768934604,1
04597,1058.9224007401335,1
04598,752.4025853389429,0
04599,1033.1135973683504,0
04600,1095.0100689849526,0
04601,170.7845570045345,0
04602,203.72112151319823,0
04603,219.70491167302936,0
04604,196.16808498215786,0
04605,170.13755788911823,0
04606,193.01804310042064,0
04607,195.69640363573092,0
04608,220.18061730928753,0
04609,183.14262138104192,0
04610,198.6849832541794,0
04611,244.3517690093485,0
04612,197.60553228562964,0
04613,183.49528626462597,0
04614,209.4309321283004,0
04615,187.20881270523535,0
04616,198.77302235096602,0
04617,167.82660821513036,0
04618,167.08020965995615,0
04619,243.4906847202074,0
04620,211.62876688423316,0
04621,196.6268833384224,0
04622,197.2906728261188,0
04623,208.5469207028949,0
04624,205.51633040854563,0
04625,167.35665403930565,0
04626,224.2250556884656,0
04627,208.56809703171734,0
04628,205.77843745018924,0
04629,203.18036970769703,0
04630,183.52060079187473,0
04631,169.81204017868413,0
04632,170.04449630944296,0
04633,155.53965807289202,0
04634,180.1616043448689,0
04635,198.00513074553308,0
04636,193.64321989516603,0
04637,198.6350517889792,0
04638,214.4194992471015,0
04639,179.8388744326216,0
04640,209.2606057007462,0
04641,185.73152423726427,0
04642,215.10187699737025,0
04643,214.87495691683682,0
04644,190.29231939096084,0
04645,227.47111629216593,0
04646,205.63421831014736,0
04647,160.25229442245393,0
04648,188.2139542044338,0
04649,219.17279152698492,0
04650,197.56236773971224,0
04651,197.2586547659516,0
04652,180.15121338876827,0
04653,228.92032872379164,0
04654,202.54205050786263,0
04655,217.542019789379,0
04656,219.31782708697622,0
04657,185.31881604680083,0
04658,191.59477070790598,0
04659,202.54514370164853,0
04660,213.21038256928188,0
04661,216.7471492829211,0
04662,178.93290822967182,0
04663,173.7014401537748,0
04664,200.3009636486644,0
04665,188.93675259511207,0
04666,206.73349648266543,0
04667,190.4075853968841,0
04668,208.83977898761992,0
04669,151.24856704232528,0
04670,186.95766233049676,0
04671,225.868485254953,0
04672,209.81373546507425,0
04673,223.94789373692944,0
04674,199.45551836970466,0
04675,219.64393784074483,0
04676,203.30966986450983,0
04677,173.54861256392974,0
04678,190.7788313784864,0
04679,206.03208160037912,0
04680,181.33238080688545,0
04681,194.86836766100214,0
04682,155.40284198611474,0
04683,197.27479993163792,0
04684,215.05684183962936,0
04685,194.00193710744605,0
04686,193.94929436568773,0
04687,217.62589563396097,0
04688,205.87160553155115,0
04689,184.38526040425154,0
04690,195.36498644888297,0
04691,213.46471320929535,0
04692,201.16176803888456,0
04693,203.24960650241195,0
04694,200.9236814407973,0
04695,214.4556433982831,0
04696,226.40213157422704,0
04697,174.63207839352492,0
04698,201.45646767777657,0
04699,213.65418113094267,0
04700,195.26052979883892,0
04701,174.9112751563322,0
04702,198.51249180854117,0
04703,197.202238580776,0
04704,191.37159712381035,0
04705,182.02237480646272,0
04706,220.67939457560627,0
04707,215.0697634862014,0
04708,168.66170936102017,0
04709,188.11724294809358,0
04710,200.45352819471117,0
04711,203.54265842692294,0
04712,203.74717458608998,0
04713,191.85465506956612,0
04714,175.72377805657118,0
04715,231.07903657008166,0
04716,212.45659066289335,0
04717,182.4514969279395,0
04718,176.75595723836878,0
04719,245.85799670575108,0
04720,179.79860165438708,0
04721,203.10733359617174,0
04722,186.97804712229214,1
04723,233.7163851190581,0
04724,220.83057453291758,0
04725,197.9732192385368,0
04726,195.26747744319536,0
04727,188.91222376640457,0
04728,198.17534701663698,0
04729,199.76249911565995,0
04730,178.9946731608955,0
04731,236.14959494045854,0
04732,236.7010184525919,0
04733,211.36307211432558,0
04734,203.89444136845685,0
04735,200.6078606682802,0
04736,166.82286252662198,0
04737,200.3219975825955,0
04738,203.81736004742385,0
04739,194.93908954081977,0
04740,213.41361165852635,0
04741,230.8621240661301,0
04742,185.5000544981575,0
04743,162.43949400752055,0
04744,246.4250609074266,0
04745,199.37859378950242,0
04746,221.39070770160296,0
04747,197.71499992638508,0
04748,178.06343335713657,0
04749,195.81627900022676,0
04750,193.8872323586297,0
04751,204.71677804805915,0
04752,170.39338232980327,0
04753,213.2362659435716,0
04754,180.8865218688704,0
04755,214.26122565947628,0
04756,176.60579817451475,0
04757,226.55541368873259,0
04758,180.71588152130454,0
04759,247.71875783400537,0
04760,192.1442562134883,0
04761,227.59616284324431,0
04762,217.09828909792674,0
04763,198.19073189036476,0
04764,192.49459769061247,0
04765,232.3839756292288,0
04766,227.08256294064495,0
04767,218.28928797572206,0
04768,211.05960313079686,0
04769,176.84063013044425,0
04770,197.84157389108955,0
04771,182.22856671504258,0
04772,192.65969225527104,0
04773,199.63713310498778,0
04774,175.5204396310519,0
04775,205.0704869704027,0
04776,185.93092547995695,0
04777,197.39257082546283,0
04778,210.53141305217693,0
04779,195.78733163809076,0
04780,171.86217958910026,0
04781,169.96802500471847,0
04782,206.32607795421373,0
04783,177.19794155238816,0
04784,178.2003647052523,0
04785,205.20559276407027,0
04786,181.8409338012027,0
04787,221.93669226911535,0
04788,181.84407818291814,0
04789,187.04650505068247,0
04790,210.1229607213087,0
04791,204.50165825537297,0
04792,228.4175590339682,0
04793,176.44839387025448,0
04794,218.14309510457835,0
04795,192.73991501874244,0
04796,215.07944346688848,0
04797,184.61347523262955,0
04798,198.0489404775222,0
04799,201.54258664424154,0
04800,217.14023785355542,1
04801,194.54992086897153,0
04802,199.2681899872936,0
04803,194.11286250470943,0
04804,213.03844548967436,0
04805,223.38907474023222,0
04806,216.18685083943677,0
04807,212.12209754872785,0
04808,195.66082729573583,0
04809,195.1649813045479,0
04810,198.45022025356477,0
04811,207.4530467608756,0
04812,213.99376315499848,0
04813,176.08337651566316,0
04814,230.87620124259368,0
04815,162.58052190116013,0
04816,210.7441873848253,0
04817,223.89534588203003,0
04818,181.75272872195137,0
04819,212.60341434696375,0
04820,213.90839076032648,0
04821,235.7516039966801,0
04822,174.45266768693176,0
04823,187.99669951967834,0
04824,201.03570764014432,0
04825,213.63629140433483,0
04826,183.46512049270234,0
04827,237.60465700097836,0
04828,181.55490466641277,0
04829,191.15215516528312,0
04830,197.2906882520789,0
04831,207.81809089402435,0
04832,177.88761756104356,0
04833,191.00448793404,0
04834,220.10165485136312,0
04835,180.2992043912835,0
04836,186.00271045880223,0
04837,165.92298938079284,0
04838,212.91424737078964,0
04839,191.40400377004585,0
04840,235.778784744851,0
04841,192.41322099832342,0
04842,235.33267187613936,0
04843,210.16889000914148,0
04844,196.29933295751826,0
04845,203.69494151044043,0
04846,231.52628186573807,0
04847,189.78608101442134,0
04848,192.7978229327119,0
04849,197.4353479682471,0
04850,198.79672844623536,0
04851,200.22455190854652,0
04852,187.53674057328678,0
04853,223.5753309750719,0
04854,197.71112360403703,0
04855,180.9859354231281,0
04856,213.05621816295834,0
04857,216.67498148562612,0
04858,173.9335679134031,0
04859,208.7977300562079,0
04860,203.80776268965386,0
04861,213.3282369140276,0
04862,181.56879499659874,0
04863,208.59395688575094,0
04864,219.58361188682673,0
04865,210.78367455773818,0
04866,227.11063209278657,0
04867,207.57318785760665,0
04868,219.25162329502385,0
04869,182.49912798294733,0
04870,162.50254762998767,0
04871,204.33934679827297,0
04872,208.87931128515993,0
04873,216.55700855970025,0
04874,170.8162903984174,0
04875,223.83144695875924,0
04876,164.19911794620072,0
04877,166.06231783763,0
04878,184.0333588140518,0
04879,157.31213566800466,0
04880,215.38866054266683,0
04881,214.28635298598346,0
04882,221.08895380324523,0
04883,192.02564203570586,0
04884,222.04725290193628,0
04885,184.13828384340528,0
04886,218.51546751981382,0
04887,192.23587792968522,0
04888,193.7507585565101,0
04889,189.34983407705883,0
04890,176.62024848282624,0
04891,219.75460440158514,0
04892,192.19150666198905,0
04893,223.56648826067573,0
04894,235.21820939997147,0
04895,196.2170145350468,0
04896,192.12849203660372,0
04897,147.88457448203943,0
04898,189.82779541499067,0
04899,195.8195798781897,0
04900,202.33088489753996,0
04901,219.76500764422528,0
04902,190.43875851299154,0
04903,203.68357067236167,0
04904,186.66297839174362,0
04905,189.65953273403304,0
04906,225.1445952629203,0
04907,188.99959340845774,0
04908,201.2613144833918,0
04909,184.55911683167687,0
04910,185.83348244528094,0
04911,226.62734127660718,0
04912,226.45105088784112,0
04913,203.7390412669347,0
04914,185.2887718327694,0
04915,198.35816792907394,0
04916,196.10044998133625,0
04917,202.08011803860182,0
04918,168.83151417519315,0
04919,182.5767289084378,0
04920,192.65680641777982,0
04921,209.04079354091445,0
04922,176.25589144107616,0
04923,205.57901649025408,0
04924,214.4587681141998,0
04925,169.62841241631497,1
04926,217.0457948385739,0
04927,204.89080656634675,0
04928,174.83825349508362,0
04929,189.81356341607068,0
04930,172.35299605929782,0
04931,178.0653911393131,1
04932,183.56422274578804,0
04933,203.28586228484423,0
04934,183.65367400307449,0
04935,192.33527472463592,0
04936,211.20247569789814,0
04937,182.85524005426473,0
04938,225.7197597972168,0
04939,229.68766256839143,0
04940,191.148396842527,0
04941,177.58084709325132,0
04942,239.5310952242104,0
04943,205.68354341048536,0
04944,191.25569982539182,0
04945,217.12599137340197,0
04946,187.34896654618,0
04947,239.81887578935874,0
04948,196.03863226905293,0
04949,192.53901788048657,0
04950,215.79484564070572,0
04951,232.1725373257408,0
04952,231.56213258938314,0
04953,206.23477158304217,0
04954,201.69434405178518,0
04955,200.96319022797016,0
04956,203.9463901285931,0
04957,164.5552961557123,0
04958,191.2576192803786,0
04959,231.73003233543207,0
04960,201.8653004300264,0
04961,190.41351862770642,0
04962,188.32097341312812,0
04963,186.3002795391122,0
04964,213.77228106669133,0
04965,192.26542986976605,0
04966,215.39449803176154,0
04967,195.34953129329475,0
04968,202.0659663557844,0
04969,203.98927189552316,0
04970,227.51684594721448,0
04971,186.44988531310315,0
04972,233.8282540279302,0
04973,197.79561720234378,0
04974,189.23164589246204,1
04975,172.48024839495153,0
04976,218.68180302455931,0
04977,180.1754818903591,0
04978,178.4571604279818,0
04979,207.91448767509075,0
04980,194.4159393011796,0
04981,172.04028040112215,0
04982,238.64574352351357,0
04983,181.0079561486698,0
04984,185.13442606165455,0
04985,222.8857894281308,0
04986,211.56769958048176,0
04987,192.06895189957797,0
04988,176.5260409819664,0
04989,191.22414954931136,0
04990,217.69014238859882,0
04991,232.5322057316925,0
04992,187.87442037724878,0
04993,173.97765971171418,0
04994,236.8767598837696,0
04995,197.06100920201746,0
04996,162.19108575420188,0
04997,200.10746391719056,0
04998,214.00743652466497,0
04999,215.39786607486744,0
05000,171.245107134573,0
05001,191.9010310361371,1
05002,200.74838744867924,0
05003,217.27234512835207,0
05004,183.6974905929255,0
05005,196.6305971252037,0
05006,147.033175501158,0
05007,163.55704507939492,0
05008,203.91609200109173,0
05009,196.91805003268547,0
05010,180.66588548885025,0
05011,191.4027656719495,0
05012,221.4858650366337,0
05013,171.45360759514475,0
05014,207.77915221735017,0
05015,210.572425144355,0
05016,163.85930240222834,0
05017,197.9376890069266,0
05018,203.9253425061048,0
05019,207.3566997761392,0
05020,182.55446755620295,0
05021,234.0977432905999,0
05022,194.9538906822256,0
05023,209.14611689150775,0
05024,236.9896960963937,0
05025,223.58149463873985,0
05026,216.74603645906606,0
05027,217.79724775017283,0
05028,182.0411736691902,0
05029,233.72298897099492,0
05030,224.36771517063247,0
05031,220.33640192914973,0
05032,213.29696788166365,0
05033,219.1561532029234,0
05034,176.13680915304604,0
05035,211.23322239793046,0
05036,209.10357500697265,0
05037,227.24616451671554,0
05038,196.59688939383793,0
05039,216.83772962918763,0
05040,203.38095974783116,0
05041,161.66930986389403,0
05042,196.26137550162358,0
05043,177.2049377146828,0
05044,214.04938275820027,0
05045,211.87681836414336,0
05046,205.19954669181428,0
05047,212.00206069081273,0
05048,212.3077594564137,0
05049,192.68088588992444,0
05050,216.679986295903,0
05051,177.351523843052,0
05052,232.54511416020995,0
05053,202.29332165884506,1
05054,190.49642262145767,0
05055,197.512824933002,0
05056,234.08171486063475,0
05057,198.206755281848,0
05058,203.20430581955193,0
05059,194.74013084147447,0
05060,201.26818539619077,0
05061,211.5506380604552,0
05062,170.23481019074902,0
05063,208.07460095123744,0
05064,206.1949539794058,0
05065,203.98242151055112,0
05066,221.7125545283114,0
05067,143.75053350970498,0
05068,162.65673250448475,0
05069,174.57125230940244,0
05070,212.18462278014366,0
05071,206.19134036739214,0
05072,179.50242613033868,0
05073,185.89651007077862,0
05074,188.46830057037042,0
05075,206.1581739552706,0
05076,223.8954625970004,0
05077,213.5919826997379,0
05078,189.84867542497284,0
05079,195.6790667524418,0
05080,197.2855072854521,0
05081,186.24235609653152,1
05082,215.71412424737187,0
05083,174.22445380393555,0
05084,188.9830462605776,0
05085,223.20373405064268,0
05086,186.32365266099882,0
05087,199.86904852124698,0
05088,228.62031748110311,0
05089,204.2732866744048,0
05090,171.46277756562054,0
05091,198.9378583017173,0
05092,182.07440096505258,0
05093,201.68458945886624,0
05094,181.16915673856855,0
05095,218.7244356370129,0
05096,222.6161733095669,0
05097,198.3942331001087,0
05098,241.9859921411117,0
05099,208.57323215261763,0
05100,202.63784679656015,0
05101,191.6968011886298,0
05102,187.71197154414133,0
05103,197.14133261085215,0
05104,196.57967982172522,0
05105,185.3637445047604,0
05106,191.8563825728439,0
05107,194.47787918144664,0
05108,193.2918738780422,0
05109,217.09960374420737,0
05110,197.57010911216904,0
05111,199.13945444057038,0
05112,204.39483391046574,0
05113,150.96378169850402,0
05114,198.52907012964698,0
05115,219.56532704962194,0
05116,192.41096879285413,0
05117,222.60957086601795,0
05118,200.50159272334832,0
05119,218.99971564647905,0
05120,173.73064786172444,0
05121,196.6980401722312,0
05122,160.5730705285848,0
05123,146.41327491767058,0
05124,196.890372636178,0
05125,153.69481469507258,0
05126,216.76119631358452,0
05127,179.47143556248545,0
05128,175.74632684722056,0
05129,157.0452098627713,0
05130,231.5088540083507,0
05131,171.94781549864143,0
05132,225.86667934993645,0
05133,206.22062934597668,0
05134,195.05976639006633,0
05135,192.70329094643384,0
05136,233.3502918565262,0
05137,220.21608757317014,0
05138,240.9310571222258,0
05139,165.7906498411487,0
05140,207.2562779171057,0
05141,207.83762277299476,0
05142,228.91849784085753,0
05143,197.5024661057207,0
05144,216.64348807917602,0
05145,174.8924699736657,0
05146,237.61299490720134,0
05147,199.43511089075196,0
05148,210.74598363473856,0
05149,202.20924132873648,0
05150,157.43151215742932,0
05151,198.7641845730379,0
05152,211.8599266755162,0
05153,169.66282201069018,0
05154,196.76867445293496,0
05155,172.79497131339505,0
05156,192.76111919624526,0
05157,212.2533442630108,0
05158,187.36643707032084,0
05159,222.66083066868458,0
05160,188.44933897864593,0
05161,197.31077415360306,0
05162,233.53423622006562,0
05163,180.19124482578496,0
05164,218.83666242955775,0
05165,190.82293836900382,0
05166,203.86756773302986,0
05167,227.98053199624735,0
05168,192.86170711412888,1
05169,232.21005171928786,0
05170,206.65565247459992,0
05171,173.81333298771344,0
05172,193.83999289563272,0
05173,181.3778349351701,0
05174,215.55122565905157,0
05175,180.93016365821094,0
05176,219.34632456257359,0
05177,197.20156849588096,0
05178,216.67396259593437,0
05179,217.83617462992038,0
05180,199.54485772615132,0
05181,223.81115062116524,0
05182,201.6788891869466,0
05183,176.6156783320413,0
05184,219.99763034130166,0
05185,180.6841518805796,0
05186,191.0827111465791,0
05187,204.40590360452038,1
05188,229.7198534695348,0
05189,226.5152852807177,0
05190,237.23918207368527,0
05191,166.430295386635,0
05192,183.73920043055432,1
05193,224.6855298168873,0
05194,199.60422009060622,0
05195,233.1168239406383,0
05196,164.55308673146493,0
05197,213.45103245617742,0
05198,176.16057691775072,0
05199,199.1022690283595,0
05200,193.77301644326894,0
05201,198.81992111034285,0
05202,219.83861022612396,0
05203,207.40230295562708,0
05204,210.73088659736632,0
05205,203.70685351750433,0
05206,173.48403563027676,0
05207,178.00154087712986,0
05208,201.50059318910687,0
05209,214.62406297406793,1
05210,193.9943486399898,0
05211,191.17909721756047,0
05212,184.4826290947019,0
05213,206.74737992391903,0
05214,208.76751067508053,0
05215,186.65882965652065,0
05216,220.55289268590877,0
05217,216.50137943182858,0
05218,200.9420960053814,0
05219,198.59805788453238,0
05220,197.01848965167812,0
05221,198.15377708525997,0
05222,221.17297397349253,0
05223,183.4743590171566,0
05224,209.37957651982458,0
05225,207.6215051156679,0
05226,200.90476355481076,0
05227,163.1120502446624,0
05228,213.60777104964052,0
05229,205.6718349420549,0
05230,188.01453598685947,0
05231,211.99383879890098,0
05232,214.1866212108599,0
05233,211.084750826108,0
05234,194.22995087420125,0
05235,162.13335286985586,0
05236,193.98376026570534,0
05237,198.45747140041027,0
05238,208.7612680285197,1
05239,193.61476872838549,0
05240,213.9314055805783,0
05241,211.6863484968822,0
05242,226.75804323050252,0
05243,206.50113558266858,0
05244,193.90465788556048,0
05245,219.32810565047743,0
05246,156.71738728431126,0
05247,167.7018868309974,0
05248,179.03198227962923,0
05249,230.5718069537224,0
05250,212.7319596247015,1
05251,206.35075310359534,0
05252,193.8748054220941,0
05253,199.99473511211397,0
05254,185.92953247146548,0
05255,227.23400859252305,0
05256,192.40988306863665,0
05257,172.836184378265,0
05258,209.9563192997959,0
05259,185.17615923740962,0
05260,203.39767083056418,0
05261,194.54078507411302,0
05262,191.1363086420264,0
05263,207.9672594929192,0
05264,212.48740631488835,0
05265,223.01997050196303,0
05266,204.66875467497812,0
05267,194.27272666339042,0
05268,178.5870776871008,0
05269,234.92544906133236,0
05270,186.89891126766344,0
05271,183.81914632046895,0
05272,239.16101371536797,0
05273,212.62003717587842,0
05274,169.0142574639119,0
05275,198.66995913571446,0
05276,220.71012162972144,0
05277,213.33885304347822,0
05278,227.14725466312788,0
05279,223.24687543830385,0
05280,186.52657959868,0
05281,199.08958401836728,0
05282,189.30220448387456,0
05283,184.33526124909898,0
05284,170.97851305701826,0
05285,212.52145048243642,0
05286,205.24836933330127,0
05287,202.76367396200345,0
05288,229.2945655630681,0
05289,215.97471787546962,0
05290,203.49109015867978,0
05291,192.16056397726686,0
05292,198.0363519410944,0
05293,189.1030371492232,0
05294,165.4261653143834,0
05295,221.11136926067485,0
05296,209.7600731096621,0
05297,226.74984242192005,0
05298,193.19128421151294,0
05299,205.2543917863763,0
05300,225.01028866747035,1
05301,204.7984548304843,0
05302,211.5846738550275,0
05303,211.57270295517236,0
05304,187.50060668594665,0
05305,136.2590563683868,0
05306,231.38938287186227,0
05307,223.9852493541141,0
05308,183.75404082598075,0
05309,168.3487176315824,0
05310,224.82462384323688,0
05311,199.48683420223978,0
05312,225.40843450570227,0
05313,182.17722479255625,0
05314,201.97641672741668,0
05315,189.8162691360475,0
05316,180.73604511438916,0
05317,180.89920081789137,0
05318,189.37415911008208,0
05319,240.57802561399296,0
05320,213.66403061037678,0
05321,191.9005708865655,0
05322,180.74940785330693,0
05323,190.61470708224465,0
05324,199.70532134584732,0
05325,202.00842444744518,0
05326,226.28000423898123,0
05327,204.378023804326,0
05328,191.29132938399457,0
05329,173.37007338358447,0
05330,211.3865333060853,0
05331,170.14668082176877,0
05332,232.1070936876796,0
05333,208.83286030669282,0
05334,175.42090345282296,0
05335,165.75919696380183,0
05336,177.93753936977595,0
05337,172.73577766792818,0
05338,241.67912753515742,0
05339,175.96263511241492,0
05340,219.0081508887888,0
05341,189.7504639141723,0
05342,184.81474030024688,0
05343,190.8698547595097,0
05344,232.56828994239095,0
05345,179.28119953967806,0
05346,187.91980544809738,0
05347,240.3369582572866,0
05348,202.74784071279598,0
05349,185.88815655766925,0
05350,189.77683075967957,0
05351,213.27848253675128,0
05352,178.47997045323945,0
05353,212.01108812413437,0
05354,205.6682724426324,1
05355,193.54303668685927,0
05356,182.66845946083788,0
05357,203.49589327789155,0
05358,170.9272357134938,0
05359,212.6612952814606,0
05360,210.8935276756035,0
05361,186.2520124748164,0
05362,171.73062657053373,0
05363,185.89391748932576,0
05364,220.8322472437064,0
05365,228.5551931084479,0
05366,222.5025757854195,0
05367,215.02237173437754,0
05368,190.3703295685696,0
05369,196.73138012075276,0
05370,218.39196339372933,0
05371,207.81481416568607,0
05372,228.9534996599981,0
05373,190.96088996963383,0
05374,161.05749058877672,0
05375,210.36207773187516,0
05376,192.59824883695538,0
05377,247.87940447058054,0
05378,222.19442962151152,0
05379,184.23748296377258,0
05380,216.70694945690246,0
05381,220.33753131148237,0
05382,147.52312122970864,0
05383,207.1693660587151,0
05384,186.64148217132848,0
05385,218.13108889616325,0
05386,199.0459161782124,0
05387,226.77052487274452,0
05388,176.73138597647113,0
05389,223.28049437813743,0
05390,179.23449852720447,0
05391,169.29897750601992,0
05392,151.48225249277044,0
05393,259.7852036643761,0
05394,199.4809203505754,0
05395,199.49062977580337,0
05396,221.45416069575722,0
05397,224.93215549578161,0
05398,201.68865376315597,0
05399,198.5039340208542,0
05400,224.57303739189865,0
05401,201.68836041373328,0
05402,202.37412952775216,0
05403,194.953285627013,0
05404,162.26708453711547,0
05405,195.61836094125294,0
05406,222.92829221264242,0
05407,218.23901894964376,0
05408,229.94004053292184,0
05409,188.41666766478093,0
05410,222.9250000726776,0
05411,232.97614858574883,0
05412,195.73967617971658,0
05413,230.96070288507704,0
05414,208.89896601946185,0
05415,194.42262536888998,0
05416,174.54425299275286,0
05417,208.05901922914006,0
05418,225.27900052803966,0
05419,174.80383741227106,0
05420,205.8198729722079,0
05421,222.247220442335,0
05422,231.56616393059187,0
05423,190.97933166173124,0
05424,199.6824735431691,0
05425,206.77079216177884,0
05426,146.9004875561974,0
05427,227.04832337180605,0
05428,207.99254410238993,0
05429,187.89736412362498,0
05430,184.10379666826313,0
05431,192.8697721183797,0
05432,182.09253853448305,0
05433,246.73491329059252,0
05434,193.1137116996845,0
05435,211.80250768978743,0
05436,183.25015967398275,0
05437,204.2555461406362,0
05438,169.43823038571128,0
05439,244.68609719186836,0
05440,179.1984859191327,0
05441,226.75648919854422,0
05442,168.08407202317653,0
05443,214.2417543139317,0
05444,227.5531663365528,0
05445,210.6317698980303,0
05446,206.1717948195208,0
05447,220.6986144291937,0
05448,189.78830881036797,0
05449,221.16492289632427,0
05450,201.91798338815104,0
05451,186.45545870657912,0
05452,187.47618512418046,0
05453,171.3040294089616,0
05454,189.86761669800168,0
05455,200.60787540021747,0
05456,185.64822068153785,0
05457,228.0548535469611,0
05458,172.7096069252518,0
05459,223.65519515867953,0
05460,193.57068204540644,1
05461,196.00942353420788,0
05462,228.15472158407022,0
05463,217.6152811981225,0
05464,200.2976117807214,0
05465,194.89799331879414,0
05466,179.51193153027,0
05467,163.98697423722174,0
05468,170.67299002748064,0
05469,198.8814400045857,0
05470,193.71955126187447,0
05471,191.85237193909322,0
05472,199.4678600432823,0
05473,226.22743230347527,0
05474,191.7625033777825,0
05475,174.30468997186455,0
05476,190.37814834540038,0
05477,238.58806541132708,0
05478,210.08205232897876,0
05479,216.1054633350649,0
05480,199.7783614602857,0
05481,210.71121443426196,0
05482,214.51123261645301,0
05483,219.1068455797907,0
05484,205.88309659481055,0
05485,223.4850294104547,0
05486,181.97057027661782,0
05487,207.75871324448414,0
05488,170.3574149471114,0
05489,241.74249208528408,0
05490,217.14531949683598,0
05491,192.56973093479283,0
05492,198.25117758763128,0
05493,190.7716732401354,0
05494,191.2562678579796,0
05495,178.22829754881144,0
05496,220.07433679657416,0
05497,186.73850076095724,0
05498,187.4227478407666,0
05499,220.11511861404014,0
05500,190.91055909172627,0
05501,172.13530016072085,0
05502,196.88324376669888,0
05503,208.46777606534258,0
05504,201.15370064341568,0
05505,182.57972064392268,0
05506,182.2804215466936,0
05507,195.70986562029907,0
05508,202.15757296311602,0
05509,199.317182596575,0
05510,221.75742651987983,0
05511,174.46888818281548,0
05512,214.05922143140376,0
05513,189.14909902694976,0
05514,203.39272518058826,0
05515,219.62124807214337,0
05516,192.9331190288425,0
05517,187.90443432327177,0
05518,235.8915416105868,0
05519,211.63408325242506,0
05520,260.70799811219666,0
05521,179.03354206896194,0
05522,198.3381323201898,0
05523,183.29410321077202,0
05524,220.98128928952414,0
05525,203.8825732877955,1
05526,172.51328076785674,0
05527,221.2200384001959,0
05528,213.693022168875,0
05529,176.80556498789105,0
05530,241.53165472760784,0
05531,192.5728529128253,0
05532,183.8471394670693,0
05533,239.38040517125083,0
05534,177.2460742042474,0
05535,217.22227456445844,0
05536,198.48393557110916,0
05537,238.4276469576094,0
05538,220.60066942428674,0
05539,198.90177627183667,0
05540,171.51686151751818,0
05541,196.9217848557531,0
05542,201.88501429216393,0
05543,194.20179113205322,0
05544,198.44734683850618,0
05545,213.91349733033042,0
05546,183.91942704583565,0
05547,186.37277693317813,0
05548,197.00495487304053,0
05549,202.71837706679858,0
05550,173.5787889615793,0
05551,129.56634235708617,0
05552,205.24034638225794,0
05553,222.96478994127608,0
05554,202.55910005493328,0
05555,193.49740984174588,0
05556,204.2684680191292,0
05557,200.10548990046755,0
05558,220.02252918051724,0
05559,227.65888497019313,0
05560,192.21202637675626,0
05561,167.26747270534005,0
05562,207.11991418056706,0
05563,215.82852918718035,0
05564,214.92556447425955,0
05565,183.25013392940656,0
05566,226.01115906030856,0
05567,216.33195551309217,0
05568,188.98826767188342,0
05569,219.70328269937045,0
05570,166.78463344740757,0
05571,162.62455461957262,0
05572,217.43329175051477,0
05573,221.72494484484469,0
05574,234.48892164055496,0
05575,152.05459031453563,0
05576,201.14430732205432,1
05577,208.40184490390973,0
05578,174.34320069090504,0
05579,165.46341694350318,0
05580,175.4745058327095,0
05581,221.22449540018755,0
05582,178.50540993690723,0
05583,197.81241054441475,0
05584,249.64131463517373,0
05585,210.18601250508462,0
05586,188.974038143388,0
05587,183.067204018087,0
05588,189.69909489374095,0
05589,206.48665563241627,0
05590,221.77430192163052,0
05591,224.17655408132623,0
05592,199.37036838906587,0
05593,218.88820438851633,0
05594,178.20288486166862,0
05595,211.26475372645862,0
05596,222.0322619772441,0
05597,210.32181121232657,0
05598,222.13267309249017,0
05599,227.22893776833982,0
05600,180.9080563364631,0
05601,180.2386938627287,0
05602,201.4715049039334,0
05603,200.6536340404073,0
05604,221.75546925238703,0
05605,186.32548577703665,0
05606,202.06859286789006,0
05607,190.27803641221274,0
05608,191.41245088763628,0
05609,226.4714683824501,0
05610,207.4926956032502,0
05611,205.32647610686743,0
05612,212.98995957002938,0
05613,158.9809236638681,0
05614,180.7916435449601,0
05615,153.60786580282644,0
05616,152.5623122691941,0
05617,176.28089758593012,0
05618,187.59755619700513,0
05619,208.94874370295136,0
05620,193.84111422387056,0
05621,192.66509937999163,0
05622,177.2533401576258,0
05623,224.14440234685185,0
05624,193.52571733076675,0
05625,200.00438183837318,0
05626,190.24301602153352,0
05627,191.3445959884416,0
05628,208.54554494985456,0
05629,160.86958515849494,0
05630,200.96029607417196,0
05631,209.8627983354039,0
05632,140.24773882933002,0
05633,183.54181621714676,0
05634,184.85092228863678,0
05635,232.0167715000673,0
05636,173.36776022793742,0
05637,206.00441221458183,0
05638,178.6532758402205,0
05639,199.66290717395378,0
05640,176.96300441881084,0
05641,204.16755193118004,0
05642,175.89590097689342,0
05643,179.05252802103652,0
05644,200.29661065517368,0
05645,180.9689537366857,0
05646,216.7437969728737,0
05647,219.52876439296435,0
05648,181.75949266090498,0
05649,190.01774126099878,0
05650,196.8324109930357,0
05651,227.75680526097165,0
05652,202.81887277380926,0
05653,209.87985398270135,0
05654,216.54075355326205,0
05655,190.38404743475812,0
05656,193.2270115477632,0
05657,191.4663850841155,0
05658,218.05602661248273,0
05659,237.2883615542517,0
05660,189.48060627982846,0
05661,200.75514393296194,0
05662,202.2588820605669,0
05663,204.46850724796192,0
05664,228.6455976991867,0
05665,211.3174708147483,0
05666,197.12001836559585,0
05667,191.28417269624305,0
05668,219.04978565697516,0
05669,163.37920221886228,0
05670,175.0640242564014,0
05671,174.74186942498284,0
05672,172.2310132254211,0
05673,209.04594943321504,0
05674,207.2193362573295,0
05675,183.30122617991708,0
05676,163.28260158518893,0
05677,161.96475797627986,0
05678,174.50723602851554,0
05679,212.15106887273694,0
05680,198.63706936984897,0
05681,214.46940969966695,0
05682,197.600712959169,0
05683,164.1343477031299,0
05684,205.83782887763678,0
05685,203.5313860593247,0
05686,192.4313026806782,0
05687,171.25360852663925,0
05688,208.22542068829557,0
05689,187.31756928449437,0
05690,172.2312430152869,0
05691,187.22590192785,0
05692,189.99021096965183,0
05693,219.18926323534356,0
05694,173.8223742189348,0
05695,180.2556696134653,0
05696,160.6516749512255,0
05697,200.2712302202951,0
05698,204.29510715749964,0
05699,214.34449379473887,0
05700,207.73337920037991,0
05701,219.64723409421646,0
05702,186.28889982036054,0
05703,176.42519302587246,0
05704,202.595931829407,0
05705,201.7922479126733,1
05706,161.12916904100604,0
05707,183.68246309528033,0
05708,188.54157871848892,0
05709,199.02823114799907,0
05710,170.90979667971166,0
05711,207.02423322147942,0
05712,207.15689995355035,0
05713,162.15815232017397,0
05714,191.8155283263739,0
05715,188.00399083079594,0
05716,176.38679586185978,0
05717,207.11727785637967,0
05718,179.8884735024691,0
05719,202.97817026374724,0
05720,178.97226741479216,0
05721,193.56002248063425,0
05722,208.90136704527816,0
05723,173.17980649510193,0
05724,218.62325048190837,1
05725,229.79608415489483,0
05726,190.558253404468,0
05727,208.23360620729122,0
05728,195.383648482191,0
05729,193.72613266091992,0
05730,206.83010130726885,0
05731,221.55059669126996,0
05732,214.21468156080044,0
05733,189.14778349368254,0
05734,186.53486612754483,0
05735,209.6596363704585,0
05736,197.76578909059597,1
05737,196.0527631883143,0
05738,179.4276675947971,0
05739,201.47041978991223,0
05740,171.314107553596,0
05741,193.8169790392568,0
05742,206.99459177663454,0
05743,224.66819257505517,0
05744,214.084226234064,0
05745,166.19174894239052,0
05746,211.75226092706933,0
05747,229.69036224096791,1
05748,166.99832891431146,0
05749,172.40974072690196,0
05750,217.83068437440335,0
05751,183.85948888160254,0
05752,188.85702370898187,0
05753,200.78037378373494,0
05754,221.76050462439952,0
05755,196.55785316733224,0
05756,220.97710673140048,0
05757,196.12827513182904,0
05758,195.92383711170478,0
05759,199.6278942238477,0
05760,195.99589083606878,1
05761,224.78229501456065,0
05762,177.19900307855391,0
05763,229.1911341009051,0
05764,207.5516547866855,0
05765,157.63987842832188,0
05766,194.1489275866156,0
05767,211.2552637147212,0
05768,224.63015630037805,0
05769,193.68891650123544,0
05770,177.73220124094118,0
05771,193.29866255951057,0
05772,203.69834600587362,0
05773,212.2071040711462,0
05774,203.53825433737433,0
05775,219.05131685630988,0
05776,200.82277166446363,0
05777,191.51235731154918,0
05778,180.08047189321354,0
05779,220.37207057183906,0
05780,197.2068665171296,0
05781,174.05547534960232,0
05782,224.17490600468648,0
05783,146.05473464222854,1
05784,239.82146833601246,0
05785,156.23093466774847,0
05786,199.56853478819923,0
05787,218.00870683387583,0
05788,211.12652017083863,0
05789,218.85471033708322,0
05790,170.61662581571915,0
05791,192.02577913145393,0
05792,179.4132286140907,0
05793,215.3352979875126,0
05794,197.4240204773501,0
05795,212.9164985167278,0
05796,180.70891540948844,0
05797,234.88320759615846,0
05798,198.10198109693266,0
05799,216.3795788960675,0
05800,209.58197187902877,0
05801,202.43008494312656,0
05802,221.72237973685262,0
05803,209.09218221374582,0
05804,209.942268420834,0
05805,210.7628133353809,0
05806,212.88725342353777,0
05807,201.26291890436391,0
05808,175.31868864062182,0
05809,199.616914182972,0
05810,170.173794042343,0
05811,171.40337613740843,0
05812,211.37938332676129,0
05813,216.38301447155763,0
05814,206.3183337395014,0
05815,226.84950459496696,0
05816,215.29033399860384,0
05817,215.11393765237463,0
05818,210.79743619527235,0
05819,175.5218391378206,0
05820,173.7845320875506,0
05821,186.43407552202254,0
05822,162.205242074606,0
05823,178.13762470132508,0
05824,212.2838670658869,0
05825,174.1418455858531,0
05826,199.7254719377288,0
05827,189.39745060821193,0
05828,211.92437379851393,0
05829,207.2164405183358,0
05830,206.3374105073706,0
05831,178.49003462766686,0
05832,179.9822525128876,0
05833,174.05931261079337,0
05834,196.63964640618502,0
05835,197.6591895687187,0
05836,201.88146272074982,0
05837,186.8475528394536,0
05838,181.08615232797823,0
05839,195.4626398498556,0
05840,203.44914386131765,0
05841,187.9301120543457,0
05842,214.99782812368812,0
05843,177.66332345298466,0
05844,212.1497074386928,0
05845,227.12141832790377,0
05846,216.40392489368733,0
05847,203.4954883674411,0
05848,213.30959230823328,0
05849,170.55057957782637,0
05850,167.6444351639354,0
05851,231.16760095392266,1
05852,215.41762485451542,0
05853,197.41074246818764,1
05854,182.36134993081785,0
05855,197.81766957732708,0
05856,198.7438008105057,0
05857,185.12522135256012,0
05858,218.96101596031497,0
05859,222.9570640514068,0
05860,219.94350998852167,0
05861,210.40802189316355,0
05862,208.4270399073091,0
05863,206.52491182617302,0
05864,208.1934690397866,0
05865,187.79291720254477,0
05866,177.97865540934566,0
05867,261.0720920980285,0
05868,182.66509436943963,0
05869,202.8514449896464,0
05870,213.8506353328948,0
05871,220.31421164634355,0
05872,192.815058546493,0
05873,217.5057705195178,0
05874,199.76547009492145,0
05875,184.2089143680053,0
05876,216.44562135641667,0
05877,209.8715780450622,0
05878,186.50822979253184,0
05879,185.43824129604363,0
05880,198.2599130871987,0
05881,222.61789798369693,0
05882,212.28803410171375,0
05883,228.0771196258673,0
05884,226.49230729338484,0
05885,202.84377649148067,0
05886,204.90279363543513,0
05887,191.22556601632195,0
05888,208.3643060758491,0
05889,202.3811615421394,0
05890,197.13407958961787,0
05891,159.21564995522135,0
05892,199.0104531797477,0
05893,207.48155128960016,0
05894,190.39004816200458,0
05895,223.20423563097503,0
05896,160.80986607134855,0
05897,226.0904985656155,0
05898,225.15921581790525,0
05899,233.62184960035748,0
05900,197.08377353728022,0
05901,219.15899612250962,0
05902,199.43277746410743,0
05903,207.80437503950077,0
05904,195.98023741699285,0
05905,215.82953354185543,0
05906,184.01069721721512,0
05907,200.3595594810832,0
05908,197.3846343092859,0
05909,213.92693566028456,0
05910,224.37286798542178,0
05911,207.23493009684404,0
05912,186.89357492470046,0
05913,211.87129584693733,0
05914,235.92415791711332,0
05915,177.6314549786932,0
05916,229.9506455043096,0
05917,197.07413839155757,0
05918,186.6283256201818,0
05919,201.52738859613845,0
05920,211.54384866317346,0
05921,218.2201389916483,0
05922,204.58007052320897,0
05923,200.47006567118984,0
05924,185.36512101820492,1
05925,204.54370818769672,0
05926,214.83792050558645,0
05927,188.21963419651462,0
05928,195.10419874148195,0
05929,196.91064353404545,0
05930,190.33830074119322,0
05931,183.64671097957338,0
05932,156.1938439554906,0
05933,198.9192141123895,0
05934,209.9499878902891,0
05935,184.1859271920769,0
05936,193.43116137540193,0
05937,197.3551741315264,0
05938,199.96676363488032,0
05939,220.45689410833236,0
05940,219.3228498638064,0
05941,187.23497801250574,0
05942,181.81923059086827,0
05943,196.23573894294992,0
05944,157.18207942231848,0
05945,194.02491910368585,0
05946,194.58401973787926,0
05947,212.35543497932696,0
05948,194.81141047590907,1
05949,216.92230569062758,0
05950,193.4833282612253,0
05951,197.58506010117483,0
05952,189.48048906229485,0
05953,203.7825011857684,0
05954,191.5050628115796,0
05955,197.59532873444155,0
05956,229.66111911262416,0
05957,167.9636857308559,0
05958,210.92638892183726,0
05959,205.221627299901,0
05960,188.86124269067057,0
05961,192.76109012243253,0
05962,174.49134849857438,0
05963,200.14621151159068,0
05964,198.74541578711813,0
05965,223.62809432127048,1
05966,225.66939939955813,0
05967,204.27325990473483,0
05968,198.51835300264622,0
05969,224.17855467172166,0
05970,209.9558825683205,0
05971,172.90657157340135,0
05972,229.61727463192753,0
05973,205.29006853382924,0
05974,204.29432717939733,0
05975,159.10349535295907,0
05976,198.99681968995066,0
05977,203.48352546886724,0
05978,187.92962081514338,0
05979,163.6391347365863,0
05980,212.89517529457876,0
05981,232.14962572942,0
05982,148.14106791559368,0
05983,224.94642578744188,0
05984,226.23451146630194,0
05985,195.99749731880212,0
05986,192.39550626651507,0
05987,187.90724302032447,0
05988,189.72936272816005,0
05989,195.17037149876774,1
05990,196.08394204856188,0
05991,202.58886510607746,0
05992,228.2355992617317,0
05993,177.36333816114833,0
05994,188.07120689114495,0
05995,176.08096331615872,0
05996,209.57694496226082,0
05997,211.79941926026495,0
05998,228.72431658746535,0
05999,173.2779611924868,0
06000,167.95221066328338,0
06001,213.3882344744236,0
06002,205.61088763833337,0
06003,201.068465802791,0
06004,193.82819768483088,0
06005,223.36754371645443,0
06006,245.94019508010115,0
06007,221.14519690328584,0
06008,181.4450425071063,0
06009,187.31781301852155,0
06010,192.72298655960205,0
06011,206.3033981371041,0
06012,237.24088487917797,0
06013,207.66777705280435,0
06014,218.71037477899546,0
06015,165.1456582178238,0
06016,212.90146062824672,0
06017,187.92100682444993,0
06018,174.5848235140388,0
06019,204.4442924550502,0
06020,211.89562447964659,0
06021,171.1945952636626,0
06022,192.1174095252875,0
06023,220.04934894015113,0
06024,217.43897401255458,0
06025,199.25237885912415,0
06026,195.95426757814784,0
06027,220.0546207633709,0
06028,201.97829284328384,0
06029,181.40778695237464,0
06030,164.33944198889287,0
06031,180.6469981365991,0
06032,203.0614592912314,0
06033,229.40371320028424,0
06034,175.24316479926597,0
06035,236.78860909073802,0
06036,166.74297765750987,0
06037,188.3085747603169,0
06038,160.3124084501242,0
06039,248.69601962459495,0
06040,214.05178480018884,0
06041,195.4423252217976,0
06042,196.83822214168543,0
06043,176.1378622950128,0
06044,192.4777656409724,0
06045,220.50558404316138,0
06046,190.30125716441452,0
06047,190.79507161979035,0
06048,208.44712323110846,0
06049,229.00440811554842,0
06050,201.11995107448493,0
06051,184.32694726642274,0
06052,239.56986845952372,0
06053,204.38836677489107,0
06054,182.67693504639738,0
06055,184.84865829907562,0
06056,208.8195436322477,0
06057,191.15533013666524,0
06058,207.29110696535844,0
06059,215.9762210565664,0
06060,170.09173203470533,0
06061,187.10930444388512,0
06062,196.78551676598784,0
06063,196.72465681155788,0
06064,182.93292183552776,0
06065,181.89731880594275,0
06066,180.53772535370322,0
06067,200.96918417787657,0
06068,202.7143009636603,0
06069,208.09712407669838,0
06070,187.38050093253392,0
06071,207.91005134697764,1
06072,203.52214990860585,0
06073,210.22459829741112,0
06074,207.43481253649156,0
06075,174.65434135142053,0
06076,196.9212510350177,0
06077,180.35961454385773,0
06078,221.47777212144769,0
06079,209.76014394967137,0
06080,247.6419475032283,0
06081,194.64986057651322,0
06082,193.22651868421667,0
06083,205.0916054464652,0
06084,173.25323051041312,0
06085,193.0793032209376,0
06086,224.8838708168564,0
06087,204.7473537668472,0
06088,202.3752092365718,0
06089,225.7556367537409,0
06090,173.65379983878105,0
06091,213.5611784042271,0
06092,186.43368786105802,0
06093,204.57734179420623,0
06094,189.64358673849884,0
06095,201.41905550910334,0
06096,183.55407059304423,0
06097,241.62279651598666,0
06098,176.99130321580017,0
06099,193.39658664998808,0
06100,208.36063572503036,0
06101,161.4443170506121,0
06102,211.62014315475966,0
06103,193.07028076256685,0
06104,211.7862460539825,0
06105,211.38536326393663,0
06106,203.51750127831446,0
06107,197.02566614163962,0
06108,191.8519733102871,0
06109,201.10546254712463,0
06110,180.28502378006024,0
06111,212.99369088002982,0
06112,234.38564442226198,0
06113,176.77871936153232,0
06114,193.60149707565958,0
06115,185.1642579029903,0
06116,185.83781665283308,0
06117,163.94683624411252,0
06118,223.18341740915264,0
06119,207.92938664267746,0
06120,161.80645936431395,0
06121,204.6441369822941,0
06122,232.44699340421886,0
06123,219.58772136386767,0
06124,181.11067145486925,0
06125,213.11558384286712,0
06126,209.6464299124552,0
06127,232.77667433181227,0
06128,186.71765966160947,0
06129,183.44037057072543,0
06130,191.92997819357214,0
06131,183.73730738198523,0
06132,240.93254235678597,0
06133,204.80104017326437,0
06134,173.08067632844865,0
06135,229.7289950473152,0
06136,197.73186387219135,0
06137,188.3315862023282,0
06138,194.03552640936877,0
06139,177.59700196097202,0
06140,231.95230417583278,0
06141,202.69928845399284,0
06142,192.85843235104872,0
06143,197.21152974940983,0
06144,221.61460716492064,0
06145,179.62159543422862,0
06146,174.83940613498328,0
06147,228.01299074905234,0
06148,194.8680855923613,0
06149,202.54263395487362,0
06150,214.89394680600049,0
06151,193.3634773415937,1
06152,199.82435101702498,0
06153,230.07811231390312,0
06154,233.53612947980332,0
06155,177.86567195097751,0
06156,208.08339892921683,0
06157,177.41103039469843,0
06158,208.59757834275675,0
06159,242.7302288181686,0
06160,209.31928446091086,0
06161,153.270694184082,0
06162,199.19830726660487,0
06163,200.75105918884924,0
06164,231.89148390176786,0
06165,208.6541260296054,0
06166,168.88176983162896,0
06167,227.90993061860596,0
06168,215.96284907328297,0
06169,226.75074788895293,0
06170,183.98311192453048,0
06171,211.0830364813573,0
06172,166.3231386456344,0
06173,194.9293419869145,0
06174,186.94657795259255,0
06175,180.19226161353376,1
06176,193.55458172195185,0
06177,186.9696620458449,0
06178,188.12515951881332,0
06179,177.0551187135064,0
06180,228.6612532492892,0
06181,185.52833088149399,0
06182,202.78678095090478,0
06183,229.16182580184238,0
06184,236.5971064117535,1
06185,168.17180297235024,1
06186,198.23332183086285,0
06187,188.2410279638707,0
06188,240.7235759308635,0
06189,165.95887238988402,0
06190,184.15140916494744,0
06191,202.04042464933823,0
06192,185.88056808618285,0
06193,231.65366136079763,0
06194,194.2730661729614,0
06195,192.3032016634473,0
06196,230.31979486729193,0
06197,213.88047262858896,0
06198,189.2706090400383,0
06199,215.7538290013957,0
06200,226.86725346450527,0
06201,191.84353602919617,0
06202,194.31690764123127,1
06203,164.53202737128834,0
06204,245.44893000819297,0
06205,170.9058931849651,0
06206,235.33765153876567,0
06207,187.7449991207327,0
06208,203.0661827699177,0
06209,187.57414955356475,0
06210,224.62988174739803,0
06211,232.55163680201292,0
06212,188.1786931009275,0
06213,214.53643983847934,0
06214,225.34142683947,0
06215,227.750254264214,0
06216,222.63612102567666,0
06217,203.928301164165,0
06218,187.39698158546088,0
06219,149.0599633344165,0
06220,182.36535541003087,0
06221,187.1140763001384,0
06222,161.48288184441566,0
06223,217.6826749329964,0
06224,184.74231473574957,0
06225,185.20459340430034,0
06226,198.81213116352612,0
06227,233.08609583265587,0
06228,215.82670979961983,0
06229,226.41600672292975,0
06230,206.02456119477864,0
06231,187.10498968864502,0
06232,211.06638080159746,0
06233,206.4258382173021,0
06234,203.67498611446342,0
06235,201.5072795094313,0
06236,201.67127537251068,0
06237,229.920521339889,0
06238,199.3588231205195,0
06239,176.13172574137724,0
06240,178.77298881457386,0
06241,224.22591843048704,0
06242,176.71073530994565,0
06243,169.32540974489723,0
06244,194.96727584926194,0
06245,195.8694794926004,0
06246,202.56906801419674,0
06247,214.68879824731715,0
06248,208.96741983737516,0
06249,222.40123518629892,0
06250,214.27644487124695,0
06251,186.19308625128562,0
06252,179.9346116311632,0
06253,208.63011594509464,0
06254,225.63027577399748,0
06255,177.33941723305912,1
06256,198.56151518706088,0
06257,191.31739088753577,0
06258,167.63052792424082,0
06259,176.06822407146444,0
06260,191.59124586067702,0
06261,175.47238065836805,0
06262,196.3482444358176,0
06263,183.1499928475732,0
06264,200.4203800197463,0
06265,189.18076837250095,0
06266,185.10060081729588,0
06267,183.9547359455157,0
06268,196.15912483465044,0
06269,199.8009915000579,0
06270,177.6047049468065,0
06271,189.99253816987869,0
06272,176.0117312025277,0
06273,215.07687277522706,0
06274,232.45387370039555,0
06275,198.44135917820577,0
06276,192.73153022954756,0
06277,185.68843242724012,0
06278,226.8267044735175,0
06279,187.2703228156498,0
06280,222.43481030056506,0
06281,171.66826315616188,0
06282,192.20866028883066,0
06283,178.68948993165878,0
06284,195.6152391889952,0
06285,201.41054942137092,0
06286,201.58941705568316,0
06287,190.2389628864413,0
06288,218.86453908401558,0
06289,191.7205742151641,0
06290,225.08706657158896,0
06291,191.31476484064086,1
06292,219.07418952192094,0
06293,177.05021061427058,0
06294,180.59411462093243,0
06295,214.38149258820366,0
06296,204.9927991830924,0
06297,177.33449589520384,0
06298,199.02608466875895,0
06299,221.07747479001245,0
06300,235.48553899308638,0
06301,205.6074173592283,0
06302,211.67522356770647,0
06303,237.22181409521397,0
06304,220.2703455266127,0
06305,198.5289973962831,0
06306,202.21152275424367,0
06307,203.91534309656177,0
06308,202.08917696374172,0
06309,214.1877016960016,0
06310,168.8962979080813,0
06311,226.28190893280473,0
06312,199.2639969535398,0
06313,213.31472977244198,0
06314,183.60061816560471,0
06315,216.32962744904682,0
06316,224.59118957917016,0
06317,196.1539799709914,0
06318,216.8894495024374,0
06319,173.68496611748722,0
06320,236.86591881409038,0
06321,161.79441913255266,0
06322,237.73498842763718,0
06323,176.90893054912763,0
06324,176.86248190859988,0
06325,176.00690356615192,0
06326,175.49083053786634,0
06327,191.7409572537381,1
06328,210.14315005904317,0
06329,167.9887919003624,0
06330,217.23052344741905,0
06331,182.84884321748828,0
06332,210.39312981891857,1
06333,223.3321074605101,0
06334,218.65194938527867,0
06335,182.22472146147066,0
06336,186.92464315274245,0
06337,183.4150668168361,0
06338,222.15657287827153,0
06339,219.61337754285472,0
06340,224.62168231714827,0
06341,203.9916045175566,0
06342,167.0857259859486,0
06343,243.1155537811035,1
06344,170.81401752119842,0
06345,201.47157041280838,0
06346,201.1901508046024,0
06347,198.66564051857216,0
06348,216.42500742352624,0
06349,167.32066976384613,0
06350,200.39642185283273,0
06351,241.43161159306925,0
06352,224.46234281510587,0
06353,198.6716037790668,0
06354,182.9691828597201,0
06355,206.2495893423407,0
06356,149.0773624994864,0
06357,211.00959840643654,0
06358,202.80564579256384,0
06359,195.29189408068228,0
06360,197.29568932299958,0
06361,186.45095629422192,0
06362,229.81963774887964,0
06363,202.2496820077011,0
06364,203.2113570253777,0
06365,178.05803109603778,0
06366,177.97264114102958,0
06367,211.9136856527321,0
06368,219.11873401414456,0
06369,204.17674636413787,0
06370,190.48825579213508,0
06371,210.4418538399818,0
06372,209.3991834645939,0
06373,214.63945851704997,0
06374,175.5343162709184,0
06375,225.2826944635855,0
06376,180.33963214650814,0
06377,178.99371643156422,0
06378,193.5380001257259,0
06379,206.7814615669403,0
06380,184.93368029510015,0
06381,211.60453757647406,0
06382,229.3657192901906,0
06383,174.44946340289167,0
06384,191.7743781972546,0
06385,198.98996758183094,0
06386,238.53858020474087,0
06387,175.289387187954,0
06388,187.29883428338107,0
06389,201.60038944929843,0
06390,210.0946028618042,0
06391,202.98033059964922,0
06392,210.2859868016527,0
06393,227.1427886899968,0
06394,189.25364789614798,0
06395,213.31894985568073,0
06396,215.09710550027972,0
06397,196.50409520274707,0
06398,210.7602026681343,0
06399,232.96476470971282,0
06400,207.86618206707334,0
06401,210.95892059879645,0
06402,191.315049132692,0
06403,184.68909591891872,0
06404,166.22867907290015,0
06405,202.9300355176513,0
06406,196.6856039009856,0
06407,187.02373949703613,0
06408,192.3201859434961,0
06409,157.54457764214092,0
06410,195.29830455656204,0
06411,207.46344932555073,0
06412,189.20759017834237,0
06413,210.20287867854677,0
06414,193.1636473358783,0
06415,222.37318958278368,0
06416,230.19620348520908,0
06417,221.50322730557977,0
06418,203.91471237464168,0
06419,181.01087256255158,0
06420,194.01979296272958,0
06421,237.15414821148522,0
06422,230.66684492546855,0
06423,226.70590537468485,0
06424,181.93885324509301,0
06425,182.66094430708202,1
06426,211.17304108984862,0
06427,187.30604794326064,0
06428,191.3850997432924,0
06429,187.26717476313138,0
06430,210.9961449309821,0
06431,209.04719834364536,0
06432,189.79487990240037,0
06433,204.4104693184219,0
06434,240.55175077399252,0
06435,207.38837989750655,0
06436,226.36455164400098,0
06437,195.85100942861362,0
06438,199.63418075299893,0
06439,187.21284637842024,0
06440,186.5900435987703,0
06441,205.46466747284927,0
06442,149.42031901747131,0
06443,199.9199446026623,0
06444,204.82784947573663,0
06445,224.45398320916837,0
06446,172.1827407422219,0
06447,180.75763700803046,0
06448,184.56987456393142,0
06449,191.9352971520309,0
06450,234.85743167778602,0
06451,194.22085836646974,0
06452,201.0985012312947,0
06453,203.60408669192682,0
06454,224.85065029370426,0
06455,170.4837242085963,0
06456,196.10900756785577,0
06457,181.4278256564553,0
06458,241.1429893833042,0
06459,221.87861718547452,0
06460,210.99757126937936,0
06461,225.13888891525175,0
06462,197.6722353949679,0
06463,205.47594084813954,0
06464,213.956863633303,0
06465,200.43279865336274,0
06466,203.26215293037876,0
06467,171.11134277838357,0
06468,210.3063941759449,0
06469,212.28274636167262,0
06470,182.59208490221738,0
06471,186.29237200490633,0
06472,199.84184914097995,0
06473,229.7569744221262,0
06474,219.36626352135167,0
06475,222.30266595007257,0
06476,244.8463058291341,0
06477,176.50185083458126,0
06478,210.7394980093029,0
06479,200.6457632485844,0
06480,224.07867049796957,0
06481,168.62426540117946,0
06482,229.27150574439858,0
06483,220.97337997328205,0
06484,187.7747169860074,0
06485,180.13317873471203,0
06486,180.75730546993964,0
06487,196.42505647229737,0
06488,210.9334860077086,0
06489,227.76752862766966,0
06490,176.29459924677224,1
06491,208.59558613532076,0
06492,239.44319235226686,0
06493,200.28048213298544,0
06494,218.9603154750663,0
06495,182.16984617584268,0
06496,200.40224567819348,0
06497,202.33070980651496,0
06498,157.29301344314337,0
06499,185.0988739797991,0
06500,202.96213960793096,0
06501,168.02798738133657,0
06502,222.40183376720495,0
06503,170.9136947412496,0
06504,194.89855927091668,0
06505,199.0350758527555,0
06506,174.92770241550082,0
06507,220.52988303366305,0
06508,169.83981506554824,0
06509,198.31170504012167,0
06510,230.44848424441133,0
06511,186.25674289219575,0
06512,156.76210397478292,0
06513,193.9526859303617,0
06514,218.5362641163164,0
06515,179.14636059543187,0
06516,186.04645384687717,0
06517,211.71918286462352,0
06518,212.24545302535688,0
06519,181.41322877207003,0
06520,211.15336487496614,0
06521,221.96072037161625,0
06522,182.53581812400614,0
06523,226.12777916599003,0
06524,193.77118575655413,0
06525,188.9852870312862,0
06526,204.8289475109889,0
06527,225.0399757217391,0
06528,225.32700379467695,0
06529,231.71062297556267,0
06530,216.7009174211782,0
06531,205.58797590987052,0
06532,219.09238442021245,0
06533,195.63654785251768,0
06534,206.66793002294241,0
06535,193.17421168502733,0
06536,206.94137243943678,0
06537,202.86628038894742,0
06538,167.48301397957013,0
06539,217.99070484355997,0
06540,216.30597618758472,0
06541,207.95698717483006,0
06542,217.64883519697528,0
06543,180.01080828830493,0
06544,176.6100281072944,0
06545,205.18695371938787,0
06546,188.9909165070282,0
06547,215.41757304633748,0
06548,191.31776859384743,0
06549,171.7669868771263,0
06550,187.8049468542183,0
06551,211.47028987197422,0
06552,195.00411404077565,0
06553,235.06172496971848,0
06554,228.33423845477392,0
06555,183.02810108660276,0
06556,186.60424190282987,0
06557,168.94201056520228,0
06558,193.97993236294812,1
06559,237.4366911095155,0
06560,248.86618744963397,0
06561,210.013057857653,0
06562,234.04289191238007,0
06563,219.0654678191633,0
06564,200.28844245518152,0
06565,218.37109659917078,0
06566,215.9026586585801,0
06567,175.81761245098696,0
06568,199.79474492794213,0
06569,213.76633563510995,0
06570,179.53557531152356,0
06571,199.50200656913154,0
06572,203.818271277664,0
06573,197.53767981316687,0
06574,183.57933897920879,0
06575,179.21674639888565,0
06576,170.3117178506271,0
06577,180.38273098869874,0
06578,212.82570243608876,0
06579,228.07169285626364,0
06580,184.86993852807507,0
06581,229.31583221818678,0
06582,152.39189219768247,0
06583,203.34209694999984,0
06584,198.34095754368383,0
06585,221.98945992758598,0
06586,204.50685344412202,0
06587,190.04499536234965,0
06588,199.82302418722068,0
06589,188.5534955196797,0
06590,166.28295387359475,0
06591,180.1515076953149,0
06592,182.77782857710568,0
06593,164.40002044732296,0
06594,166.22215561646786,0
06595,233.46926932187648,0
06596,197.37655123133035,0
06597,220.07556916265267,0
06598,186.81762147607168,0
06599,206.38247907163483,0
06600,207.839694230186,0
06601,195.75968489097613,0
06602,201.72515495166675,0
06603,203.54331720197945,0
06604,191.5400545281914,0
06605,199.08812806300747,0
06606,191.1854491123939,0
06607,154.21903015972944,1
06608,184.48770206340922,0
06609,225.5781697604596,0
06610,231.47798790770346,0
06611,193.60473146739503,0
06612,156.57772855610165,0
06613,157.91055764023264,0
06614,199.75315110294247,0
06615,201.83099222855031,0
06616,222.81131824931134,0
06617,187.81136293364375,0
06618,220.43721772637696,0
06619,219.04647953225125,0
06620,168.23587922279646,0
06621,221.74006638046598,0
06622,213.75472748050873,0
06623,187.84544295264894,0
06624,205.5484723046149,0
06625,194.87740077518973,0
06626,191.6917633508469,0
06627,189.22306947051462,0
06628,192.57504370052982,0
06629,233.40857427446917,0
06630,178.55278168654544,0
06631,207.04566140586059,0
06632,198.7630048529564,0
06633,203.6971468716938,0
06634,251.868109251465,0
06635,188.99769367225085,0
06636,211.13366668769314,0
06637,175.94573058711467,0
06638,199.93419488991293,0
06639,223.04844458025403,0
06640,183.65982299583294,0
06641,203.42756424378464,0
06642,187.05767547355416,0
06643,221.14123191801576,0
06644,157.99267304442873,0
06645,199.87456700651137,0
06646,234.61577834999872,0
06647,206.65279446453857,0
06648,193.92612924246876,0
06649,228.5011581391803,1
06650,197.61001762278667,0
06651,186.1487271415507,0
06652,171.0029492590936,0
06653,245.77414208962983,0
06654,219.8758362910357,0
06655,212.72381002749745,0
06656,196.44612316553318,0
06657,204.29156582614357,0
06658,200.03615280961915,0
06659,209.75680422361603,0
06660,218.31290370346215,0
06661,196.0824562073849,0
06662,171.71836405711824,0
06663,199.48041140864643,0
06664,181.24941467957382,0
06665,216.7969191892552,0
06666,202.01817530993344,0
06667,202.7568273961553,0
06668,224.97484213789022,0
06669,190.80851162342233,0
06670,220.49790018277287,0
06671,224.42680948818528,0
06672,211.71027163986784,0
06673,236.71443553416478,0
06674,217.06250576666406,0
06675,163.38032679868678,0
06676,190.53339671565888,0
06677,174.2017026116521,0
06678,204.28517115906774,0
06679,211.68447841903105,0
06680,170.2451724172007,0
06681,175.77814292087893,0
06682,157.6309252070132,0
06683,218.80937318085813,0
06684,201.2094664185133,0
06685,212.70320776936984,0
06686,197.9680989204548,0
06687,193.34179651830433,0
06688,208.24903144698482,0
06689,213.90751376088969,0
06690,200.65394989278792,0
06691,231.878114531265,0
06692,211.27556925605882,0
06693,231.8733240649876,0
06694,192.55288248439572,0
06695,235.9840944237482,0
06696,202.49031216872243,0
06697,228.5501486603901,0
06698,172.7896203652642,0
06699,205.25171298136695,0
06700,205.30099458901103,0
06701,194.0637363803672,0
06702,203.64928323619046,0
06703,204.4418813328139,0
06704,248.92454196143024,0
06705,201.46787920799795,0
06706,201.48902015420336,0
06707,165.5014816105333,1
06708,193.94634193417141,0
06709,183.18991911593776,0
06710,171.23236016740148,0
06711,197.20508912385236,0
06712,239.96155247231238,0
06713,214.64000814312578,0
06714,249.23970757837046,0
06715,179.40334276285637,0
06716,158.57346884991813,0
06717,214.5758821460494,0
06718,197.98091343672363,0
06719,192.06040147791205,0
06720,222.75239967470128,0
06721,211.49702202819626,0
06722,199.26971895685935,0
06723,180.18585607081602,0
06724,207.1531122474307,0
06725,195.20315210234241,0
06726,183.33592111647081,0
06727,197.75735434567366,0
06728,170.54087989576954,0
06729,217.823834422602,0
06730,224.46121250517362,0
06731,213.86443308512142,0
06732,209.24180559885792,0
06733,197.07955410864798,0
06734,212.40511798799918,0
06735,200.0422033568427,0
06736,220.774394427825,0
06737,224.65530977832867,0
06738,218.70511140325286,0
06739,168.2107112512884,0
06740,206.77598543370405,0
06741,190.41706342584666,0
06742,241.35848972690616,0
06743,223.44746535347883,0
06744,198.65509919397505,0
06745,205.91140031962874,0
06746,176.57255822661455,0
06747,214.6131407066577,0
06748,184.2037624210494,0
06749,195.9662064216931,0
06750,210.1964081275026,0
06751,217.05338414596645,0
06752,192.87799502529288,0
06753,213.27407756551898,0
06754,200.33768489885585,0
06755,181.64132671512556,0
06756,181.66650132944096,0
06757,230.92722783856738,0
06758,208.58682133962603,0
06759,229.1477141209229,0
06760,227.2411328758078,0
06761,195.0174803957731,0
06762,200.26330434130995,0
06763,214.5217437614627,0
06764,227.0458027824227,0
06765,195.93439778254447,0
06766,189.8432164336943,0
06767,184.67587518416124,0
06768,204.86719022949617,0
06769,197.96173229724533,0
06770,233.38107714077253,1
06771,186.42733242897367,0
06772,215.23697492844676,0
06773,187.5313901545975,0
06774,212.71930403192945,0
06775,210.97809340420372,0
06776,212.08757473653668,0
06777,193.05480170878113,0
06778,224.30531212414783,0
06779,204.60385558902243,0
06780,188.59616790636042,0
06781,202.98717620560996,0
06782,198.1829627437715,0
06783,209.52383049654708,0
06784,205.32160084849278,0
06785,192.43046104139282,0
06786,206.92002165480727,0
06787,218.29905645729266,0
06788,174.14226356066538,0
06789,197.3372325781142,0
06790,188.6907700942104,0
06791,185.5340907066396,0
06792,206.10708705112606,0
06793,158.55473500072281,0
06794,242.3870307945004,0
06795,178.07018401080032,0
06796,213.33318113354812,0
06797,190.7935184046402,0
06798,190.26398777958624,0
06799,186.9001396995807,0
06800,212.1307703621522,0
06801,196.25269266061153,0
06802,196.9361689640943,0
06803,189.69955821808495,0
06804,196.17877737555062,0
06805,205.04378634296754,0
06806,194.6104914564747,0
06807,207.53316522647577,0
06808,174.62050114384442,0
06809,161.61944775505268,0
06810,211.6332796528683,0
06811,194.57330027332688,0
06812,170.45440467367962,0
06813,210.27404900801292,0
06814,178.07212210078012,0
06815,246.83509435567356,0
06816,182.7308123084117,0
06817,151.578202482877,0
06818,216.07193312874364,0
06819,215.98781790085565,0
06820,213.80097719764728,0
06821,188.23047247127877,0
06822,175.08485426447044,0
06823,217.56791034590373,0
06824,232.30763976379427,0
06825,165.5792559382905,0
06826,149.6586542043117,0
06827,231.53889688902032,0
06828,199.3330265716319,0
06829,223.7027560513968,0
06830,176.22261095577613,0
06831,196.86442712256482,0
06832,198.99457506032152,0
06833,229.3426696637931,0
06834,198.61261840694698,0
06835,181.6297387614394,0
06836,235.98207810133803,0
06837,215.1893095515313,0
06838,227.5814390545378,0
06839,168.73248765766147,0
06840,166.5508353818979,0
06841,220.98622586431128,0
06842,171.81543755058243,0
06843,194.05541846087308,0
06844,209.65867975718396,0
06845,186.43601967765449,0
06846,183.30769750920666,0
06847,231.45363722633985,0
06848,216.24730769863834,0
06849,227.1552908423596,0
06850,200.10944128748687,0
06851,183.6576200331178,0
06852,166.57486944788553,0
06853,200.09805158911075,0
06854,220.36026150157224,0
06855,166.7662076625416,0
06856,203.47229944588304,0
06857,188.80996118261055,0
06858,205.8479875331897,0
06859,204.6154150204017,0
06860,243.09545634729906,0
06861,217.4059016386753,0
06862,210.76148160235863,0
06863,202.48012126402423,0
06864,180.12334617410374,0
06865,215.7649610172025,0
06866,174.6489024178904,0
06867,165.95642020144766,0
06868,187.9028230476608,0
06869,190.96659545801188,0
06870,203.31714454436653,0
06871,202.40562197084026,0
06872,229.13929428229267,0
06873,175.16283610330748,0
06874,233.85193819668433,0
06875,214.46521821999343,0
06876,227.68722871261255,0
06877,204.44005559950207,0
06878,199.93278520312876,0
06879,211.6097545995073,0
06880,148.91903965916032,0
06881,203.73506767783584,0
06882,215.795795514541,0
06883,185.67146390893237,0
06884,203.21161097553872,0
06885,169.7997667339554,0
06886,204.17503986297183,0
06887,198.29398551645988,0
06888,205.5661800851366,0
06889,168.58805142133616,0
06890,205.06283321875546,0
06891,222.08420471117395,0
06892,169.38829306348967,0
06893,188.45893910214755,0
06894,228.47795136798325,0
06895,171.6605521966832,0
06896,167.45658015466927,1
06897,191.42088409850362,0
06898,200.2829991021571,0
06899,177.19959884453235,1
06900,188.67698097666877,0
06901,226.51010889762725,0
06902,204.42339812491358,0
06903,201.0969508776075,0
06904,176.5378962277109,0
06905,170.54162978479084,0
06906,205.92439958503294,0
06907,209.93594210842022,0
06908,203.46228903971127,0
06909,214.45073175353326,0
06910,193.65397044197363,0
06911,241.03387992666399,0
06912,192.7194544783871,0
06913,213.14742198583545,0
06914,205.1150975585613,0
06915,197.37183052691736,0
06916,191.59726944020105,0
06917,218.62932529300073,0
06918,231.75619098097582,0
06919,233.2401708179739,0
06920,214.66808885798193,0
06921,202.8894338335357,0
06922,201.22242015933787,0
06923,227.13030084663797,0
06924,185.9112774967354,0
06925,193.28218310578058,0
06926,263.484844541018,0
06927,216.01655896367458,0
06928,163.56193855231447,0
06929,167.4432456199592,0
06930,164.4260026434116,0
06931,214.75751334066138,0
06932,232.75672574504148,0
06933,234.13896379125623,0
06934,206.75219998754662,0
06935,196.97971800115798,0
06936,176.19733388360825,0
06937,227.80885507118214,0
06938,192.8791378938281,0
06939,236.957656417567,0
06940,193.71696544915474,0
06941,186.09097396701665,0
06942,213.83284253883812,0
06943,201.66968742147847,0
06944,196.3322282693909,0
06945,213.91848239689617,0
06946,187.30263791849183,0
06947,165.62947957486023,0
06948,249.49038520674085,0
06949,206.2145461082524,1
06950,182.0022006789635,0
06951,195.0258498209393,0
06952,211.3622086150953,0
06953,214.45328408514172,1
06954,215.1039184602394,0
06955,231.51488500558912,0
06956,184.472862737918,0
06957,228.5162094336506,0
06958,225.27304157370523,0
06959,212.605367362178,0
06960,153.81667139172114,0
06961,164.86352171806516,0
06962,208.85996891593473,0
06963,190.97688905344498,0
06964,158.5532384854031,0
06965,188.53553551679647,0
06966,169.77616592942118,0
06967,188.35821018126782,0
06968,225.77784617893198,0
06969,216.1273399369074,0
06970,199.58958127524934,0
06971,229.88620315207788,0
06972,165.9952234868136,0
06973,162.12217125946668,0
06974,198.72507794897197,0
06975,192.77318431368423,0
06976,216.67395457885985,0
06977,213.85384561861775,0
06978,233.20255742882713,0
06979,199.46024660957204,0
06980,195.4494476499918,0
06981,182.603674516309,0
06982,202.66924546442843,0
06983,183.58124697010595,0
06984,215.92612545949964,0
06985,229.1172312730958,0
06986,175.8334587937522,0
06987,205.97900387714296,0
06988,194.40827943924933,0
06989,203.07758889942826,0
06990,207.101204762861,0
06991,180.64034050508798,0
06992,176.37909676853803,0
06993,187.6846484022001,0
06994,194.4301420032427,0
06995,197.3379941984082,0
06996,223.19667800284876,0
06997,171.3980373094736,0
06998,213.7119652360298,0
06999,193.74743220475656,0
07000,231.91962360633127,0
07001,199.41897952904372,0
07002,185.81673294808778,0
07003,172.57011342616596,0
07004,176.01931034102057,0
07005,215.33720436236842,0
07006,184.62961456363232,0
07007,227.1776734901492,0
07008,212.24568436992982,0
07009,181.47288602527996,0
07010,197.98722453070968,0
07011,200.16445019211045,0
07012,167.20044216424336,0
07013,218.07539221944793,0
07014,199.69007777939848,0
07015,208.2960860037384,0
07016,166.8314250786674,0
07017,202.45533192883235,0
07018,222.76510311504381,0
07019,214.74676964040128,0
07020,184.9706407220013,0
07021,219.88270351292292,0
07022,215.4026671261703,0
07023,196.83149297618954,0
07024,213.78378127581905,0
07025,217.38843848015938,0
07026,180.80675145940523,0
07027,184.57749754668887,0
07028,202.5082478868958,0
07029,177.70474368330255,0
07030,203.8140013644062,0
07031,156.6286027725671,0
07032,191.90715391349764,0
07033,208.69288237606673,1
07034,224.79181575414077,0
07035,199.8025737852909,0
07036,189.43107777404273,0
07037,197.82820558668865,0
07038,237.63427464400058,0
07039,185.51477216875932,0
07040,196.06802568389745,0
07041,240.80370073691478,0
07042,203.08019839168142,0
07043,214.64083109871194,0
07044,178.64129111540515,0
07045,221.70591992625063,0
07046,181.35448418700747,1
07047,190.31171700624802,0
07048,190.96917029576284,0
07049,214.46712463305064,0
07050,215.21042542421964,0
07051,196.96122687983382,0
07052,161.18316447088796,0
07053,210.97335582974955,0
07054,164.02492010294577,0
07055,221.552343390696,0
07056,225.42525476016868,0
07057,187.56998708408526,0
07058,179.4177235728669,0
07059,223.12717683638868,0
07060,192.81220282755203,1
07061,198.27054474334685,0
07062,201.67481788977426,0
07063,225.36936302932676,0
07064,193.41346000984194,0
07065,244.14732733033327,0
07066,207.58741811474204,0
07067,218.61156897178202,0
07068,202.0649339855254,0
07069,233.7724133902698,0
07070,214.89052441909053,0
07071,177.25159363019293,0
07072,205.8615525713695,0
07073,181.7496847724821,0
07074,200.1456772660555,0
07075,191.21397431324263,0
07076,206.93045383394215,0
07077,202.54097928614186,0
07078,199.9269155256227,0
07079,205.0831107990895,0
07080,203.2922853098204,0
07081,195.8738137297496,0
07082,183.1928995678934,0
07083,211.66445819808453,0
07084,212.53087458461565,1
07085,200.43002381686856,0
07086,198.02378332314598,0
07087,200.89671639255133,0
07088,213.12191202127403,0
07089,205.5644903541872,0
07090,215.96353845668065,0
07091,221.20480521337424,0
07092,178.60067875220736,0
07093,203.8175276410215,0
07094,231.59206935646836,0
07095,201.21344000536004,0
07096,198.35314061909256,0
07097,225.36484540508064,0
07098,207.88788752777089,0
07099,214.64782822929067,0
07100,187.37484938852225,0
07101,186.63606203880227,0
07102,186.7959242517132,0
07103,198.27837958263572,0
07104,190.17332832310345,0
07105,234.65730285867613,0
07106,221.21120299607438,0
07107,233.63600483701097,0
07108,194.8180124079486,0
07109,186.6166133722884,0
07110,220.56608849186,0
07111,214.03151121233495,0
07112,183.8213888984177,0
07113,215.8792851534594,0
07114,206.33802139793664,0
07115,192.255746966711,0
07116,204.97918747990875,0
07117,189.62740866299617,0
07118,219.96718005192645,0
07119,208.7209085216739,0
07120,198.8270564883111,0
07121,218.10159660056345,0
07122,226.07191207070707,0
07123,184.15262439654822,0
07124,221.68099402655704,0
07125,182.0355378661556,0
07126,217.847805385966,0
07127,187.23274082171568,0
07128,195.46222669332047,0
07129,161.50820918457967,0
07130,188.49840257735704,0
07131,212.4768097502245,0
07132,205.10611300311643,0
07133,205.5132992915807,0
07134,201.0081479924864,0
07135,213.80696039877844,0
07136,199.38922620214402,0
07137,172.8884618192681,0
07138,236.27278807895198,0
07139,165.98866223445168,0
07140,207.86929775085963,0
07141,163.860357217583,0
07142,211.283490558161,0
07143,199.92693826934175,0
07144,184.87328623514574,0
07145,232.24146106781302,0
07146,204.41714295958332,0
07147,220.28727100357858,0
07148,210.8573966379651,0
07149,209.93949585379534,0
07150,204.11796194133342,0
07151,209.77391631360902,0
07152,217.24114925508832,0
07153,200.63706089283704,0
07154,173.69582881527845,0
07155,194.19513164036414,0
07156,173.37591055674943,0
07157,191.7948480973509,0
07158,172.9271591946818,0
07159,184.33432464568116,0
07160,240.76615112903394,0
07161,217.37733573468472,0
07162,218.49935618702983,0
07163,200.80840072545234,0
07164,185.8282562246928,0
07165,199.52872355336552,0
07166,198.66138860801968,0
07167,184.52601714233896,0
07168,184.18812651895232,0
07169,195.20065776034463,1
07170,211.5701109502913,0
07171,216.84294308411305,0
07172,202.74035448481928,0
07173,185.67793826018632,0
07174,186.36305043226693,0
07175,222.5760443181245,0
07176,201.95391750752947,0
07177,175.1401076268071,0
07178,179.17690276898983,0
07179,224.1486051815621,0
07180,187.96066239473205,0
07181,192.18944111922235,0
07182,184.67666558811388,0
07183,234.60753897423126,0
07184,167.1116984969931,0
07185,229.21173061311933,0
07186,200.83174870063016,0
07187,184.74130333203914,0
07188,173.1695616345053,0
07189,219.5375531909017,0
07190,167.17750336155032,0
07191,194.17534606978566,0
07192,190.13952340644343,0
07193,214.53432784355522,0
07194,203.90472996557108,0
07195,226.11951423386844,0
07196,216.76152950990652,0
07197,174.83869665564052,0
07198,229.41694097997603,0
07199,198.90992190385722,1
07200,179.45232635444665,0
07201,206.10599697948012,1
07202,216.43590277283542,0
07203,219.86100731657743,0
07204,206.62478066311792,0
07205,223.37094046306294,0
07206,224.9424734542324,0
07207,201.87557921550345,0
07208,213.65090693504945,0
07209,175.3844308543753,0
07210,198.6759947995784,0
07211,226.9740143594289,0
07212,220.373845350495,0
07213,190.47564017000064,0
07214,218.98507883004413,0
07215,183.0883883202086,0
07216,179.25265901424805,0
07217,212.45386040591634,0
07218,212.02964736240105,0
07219,231.8023902125765,0
07220,205.3609283061667,0
07221,177.1719448313972,0
07222,205.06880155007923,0
07223,202.94855195334912,0
07224,179.17364031583318,0
07225,221.43204176727696,0
07226,180.69734137686328,0
07227,192.0912349075374,0
07228,178.14218334525827,0
07229,180.34565649054912,0
07230,195.72889996223006,0
07231,221.29594066591827,0
07232,214.57937346990468,0
07233,241.038920234617,0
07234,175.90132696839694,0
07235,235.43436704964716,0
07236,194.38801594864935,1
07237,202.58300141771616,0
07238,205.50249930019936,0
07239,177.09499771100593,0
07240,218.02353020933174,0
07241,212.55888127187825,0
07242,191.8339613620678,0
07243,217.13748293918778,0
07244,195.53039198368705,0
07245,205.64558674743097,0
07246,206.84100880783734,0
07247,191.000148408536,0
07248,180.73221515633168,0
07249,195.5451889789641,0
07250,209.78536311855774,0
07251,190.10206965722995,0
07252,170.87873496819827,0
07253,198.46683031928993,0
07254,223.50423030666954,0
07255,202.9998067966098,0
07256,202.68038430388572,0
07257,182.14270321465912,0
07258,206.00639618772954,0
07259,219.93738003597207,0
07260,177.0798913845374,0
07261,219.96510235390218,0
07262,198.17907660030818,0
07263,203.2633370411458,0
07264,212.4916455188354,0
07265,197.12573999965605,0
07266,175.1282752591635,0
07267,200.2479601030745,0
07268,212.9614107437037,0
07269,187.1235991546172,0
07270,175.05531072218395,0
07271,207.69803788952953,0
07272,213.31265445667736,0
07273,196.86523662163475,0
07274,237.00713946441445,0
07275,182.69170800261284,0
07276,166.22273108383698,0
07277,192.93813550884425,0
07278,175.75044774460378,0
07279,200.83046764542146,0
07280,182.58842100040442,1
07281,198.7776430622435,0
07282,230.82504424877288,0
07283,180.1849138402946,0
07284,191.91971108623505,0
07285,186.80885093991418,0
07286,212.20961588116631,0
07287,217.84330354503922,0
07288,148.33275318538415,0
07289,219.1188404093914,0
07290,221.4101191868471,0
07291,202.38316867462393,0
07292,247.46455559951087,0
07293,232.65095622426543,0
07294,166.539621661808,0
07295,202.5043058191077,0
07296,191.53532208367807,0
07297,183.17251503095974,0
07298,205.76747329910648,0
07299,196.9206528235184,0
07300,226.30051365057864,0
07301,217.32791952358275,0
07302,217.70934093362757,0
07303,201.60025759937346,0
07304,213.68958387101773,0
07305,189.25914480780733,1
07306,211.47277602907474,0
07307,148.3277054911622,0
07308,177.46706298799637,0
07309,206.02173919488018,0
07310,214.53122789314136,0
07311,230.94895825571004,0
07312,214.55082500543762,0
07313,201.03886038098437,0
07314,204.71267375947198,0
07315,195.4966932114756,0
07316,233.01034975324396,0
07317,188.42931506991437,0
07318,216.2918200739845,0
07319,178.8216865312775,0
07320,206.76015553171453,0
07321,207.97316547772553,0
07322,207.3429580881508,0
07323,171.21885771791827,0
07324,178.02691547636357,0
07325,175.43569309703304,0
07326,231.58950965144712,0
07327,172.854293530252,0
07328,194.09152198677575,0
07329,236.6015283493534,0
07330,212.7708725030499,0
07331,186.2022493379619,0
07332,186.15102197768817,0
07333,200.73001104061484,0
07334,182.29753398438885,0
07335,213.34887674803667,0
07336,173.74053543456935,0
07337,206.06980165119867,0
07338,181.02201202550134,0
07339,194.95768256613505,0
07340,219.36024751251256,0
07341,214.5657094600345,0
07342,224.61813135081732,0
07343,200.92602906516697,0
07344,212.0263913352317,0
07345,225.59895834354026,0
07346,188.4017048861281,0
07347,180.24311181646624,0
07348,197.85726659720711,0
07349,168.64143612175315,0
07350,191.32220408406744,0
07351,184.76803503368646,0
07352,190.69849617274969,0
07353,200.7334356781618,0
07354,173.77307638215996,0
07355,215.28147846436434,0
07356,190.22480323294656,0
07357,203.79940605351047,0
07358,199.22827892396344,0
07359,192.5337884839993,1
07360,191.48811419899263,0
07361,205.62245818061612,0
07362,182.1694872865545,0
07363,181.34593167729201,0
07364,174.84251997976088,0
07365,185.02501364505616,0
07366,185.05035796338584,0
07367,206.23938454383108,0
07368,201.514954539481,0
07369,203.4602112403203,0
07370,227.64228283240402,0
07371,234.01062936094365,0
07372,213.75687555269715,0
07373,178.81555753175056,0
07374,186.92256448341985,0
07375,199.84614349695755,0
07376,197.142854795637,0
07377,213.88112586043655,0
07378,179.96318211324638,0
07379,207.2651999944649,0
07380,196.8492577557811,0
07381,181.37886659022604,0
07382,202.0060907765242,0
07383,198.1923396192071,0
07384,209.6331498165419,0
07385,151.43421641380536,0
07386,197.50402376920673,0
07387,188.76525341764605,0
07388,206.07640608890458,0
07389,183.4102995648621,0
07390,222.82532628981647,0
07391,203.59936130197525,0
07392,233.15531761159605,0
07393,224.97150525092786,0
07394,203.09201604606395,0
07395,194.7175569342051,0
07396,179.58255952338268,0
07397,209.63136778757098,0
07398,224.9970235674171,0
07399,224.13557913351315,0
07400,208.08753285385944,0
07401,197.75250553027195,0
07402,216.8276780277824,0
07403,202.4528494871388,0
07404,204.83268464561075,0
07405,232.6268844086947,0
07406,205.52626075636994,0
07407,181.1894638517969,0
07408,223.05027445237369,0
07409,209.38731436167924,0
07410,208.40201637522367,0
07411,179.55407016674064,0
07412,207.87376653339254,0
07413,194.92055132948943,0
07414,220.98595422215348,0
07415,174.6429520211758,0
07416,183.90674690009592,0
07417,204.32531609418842,0
07418,220.81236629959224,0
07419,172.96811428280603,0
07420,189.89162281069395,0
07421,162.11794364469557,0
07422,191.8546594281598,0
07423,237.2064097807675,0
07424,195.1159322348138,0
07425,237.4109279319988,0
07426,224.0454934645266,0
07427,206.70214430522515,0
07428,238.50334095089818,0
07429,202.45372145500534,0
07430,187.21457089554457,0
07431,195.16892718411086,0
07432,196.82670119507455,0
07433,210.42753741884766,0
07434,200.92631782864873,0
07435,197.12403725583147,0
07436,189.62685048320833,0
07437,203.41667685634079,0
07438,160.997972013532,0
07439,199.23240639688467,0
07440,210.85975344033898,0
07441,188.47941081516552,0
07442,215.89684928733075,0
07443,176.62589610642638,0
07444,193.37760354220416,0
07445,204.97067232545845,0
07446,176.45881059990143,0
07447,209.07778157943542,0
07448,200.16427099694363,0
07449,229.54722439701402,0
07450,214.43722708560063,0
07451,170.04013697718096,0
07452,208.30225234051008,0
07453,185.5675298563185,0
07454,197.0506933395182,0
07455,240.25280607010478,0
07456,189.6561191787686,0
07457,181.61262395320327,0
07458,191.16067939679598,0
07459,183.47640545463062,0
07460,221.3113898299588,0
07461,180.7257791186693,0
07462,187.9129168748355,0
07463,234.16049828236336,0
07464,204.34462539725857,0
07465,192.09158328956158,0
07466,219.9988782528854,0
07467,188.7158183739369,0
07468,186.09520276461873,0
07469,177.19771845121426,0
07470,187.7965677768659,0
07471,187.25095074404402,0
07472,174.74702962667365,0
07473,197.1106798438915,0
07474,186.7647160874721,0
07475,182.34132132601877,0
07476,200.134517280734,0
07477,211.4788124978179,0
07478,217.82078292338142,0
07479,220.05725246815334,0
07480,188.3464130355607,0
07481,229.42322523256374,0
07482,218.17334189348526,0
07483,199.36485372921243,0
07484,201.00513599135027,0
07485,187.89366998119763,0
07486,168.76724432021405,0
07487,189.75653185629938,0
07488,238.36892644956168,0
07489,205.3922731947881,0
07490,199.40133638655462,0
07491,188.85110041321903,0
07492,201.2700308232177,0
07493,183.65495331445356,0
07494,185.94743712779302,0
07495,239.64449932271933,0
07496,177.68501547973932,0
07497,182.0224676240906,0
07498,230.50092033304384,0
07499,197.76535879710218,0
07500,210.49752120622327,0
07501,246.01672718897828,0
07502,230.214329070423,0
07503,175.0278424078307,0
07504,179.7089326714883,0
07505,208.7609560774146,0
07506,194.98852134128958,0
07507,198.18800973504122,0
07508,234.81834298131847,0
07509,195.37207238917838,0
07510,192.0546022075187,0
07511,209.32163558986218,0
07512,187.92585947211168,0
07513,231.42224218538365,0
07514,197.44653285554242,0
07515,196.62925458257328,0
07516,186.29319163265092,0
07517,225.91620026770244,0
07518,222.002670924872,0
07519,185.68424411559758,0
07520,199.65422270239372,0
07521,190.90540529680405,0
07522,168.80404377416352,0
07523,217.3263623827684,0
07524,232.39501127617095,0
07525,231.6701236882371,0
07526,207.44774831762092,0
07527,182.78847413041905,0
07528,170.12172384000502,0
07529,210.77145815819517,0
07530,220.97074183890902,0
07531,235.96315847854902,0
07532,215.32977453033456,0
07533,219.36260341754178,0
07534,213.4117752543546,0
07535,226.33847931750418,0
07536,188.34371254388998,0
07537,208.0019608179888,0
07538,182.48685620246005,0
07539,202.2468394790226,0
07540,214.4325097325288,0
07541,202.26000972083045,0
07542,204.72744088056655,0
07543,198.26689423994844,0
07544,186.6115124501166,0
07545,204.6746590847588,0
07546,212.93236117395074,0
07547,174.03663780769668,0
07548,189.15931233368974,0
07549,210.38022637430947,0
07550,216.6771983457712,0
07551,163.53712637379317,0
07552,243.00297210137688,0
07553,216.67368925542857,0
07554,174.86995810075769,0
07555,194.2555602690331,0
07556,221.44068945760796,0
07557,205.89245559482913,0
07558,198.61072541849114,0
07559,213.135658456758,0
07560,196.01579044870644,0
07561,179.34618925219698,0
07562,189.5435223299199,0
07563,213.2720162067422,0
07564,185.6726922985817,0
07565,169.74126781259466,0
07566,220.80816043336543,0
07567,229.31198575931714,0
07568,232.0552823777262,0
07569,228.74172129873676,0
07570,222.06993419962572,0
07571,190.55453354393737,0
07572,224.8800283129376,0
07573,220.20709825403813,0
07574,193.85632737463314,0
07575,185.6550758199635,0
07576,177.74005098137124,0
07577,200.16337764380958,0
07578,193.227755247724,0
07579,203.58822756701684,0
07580,196.5825154636026,0
07581,213.1402863290491,0
07582,187.57791495976258,0
07583,185.90516603861107,0
07584,216.0331559417479,0
07585,215.65525273149782,0
07586,204.15856254416286,0
07587,214.19130637441677,0
07588,202.02825767292165,0
07589,229.15660247691721,0
07590,217.97039485897383,0
07591,197.33504405789523,0
07592,206.73396402455742,0
07593,191.25590665387074,0
07594,231.77874976735927,1
07595,197.6966435006085,0
07596,190.28616456398404,0
07597,181.19694257534357,0
07598,234.37669287209434,0
07599,204.26761747753937,0
07600,223.80240276460415,0
07601,194.1973888135273,0
07602,212.52482015606245,0
07603,206.17433249158998,0
07604,215.52707724658515,0
07605,217.82513616196627,0
07606,211.0468359489422,0
07607,195.26452332346784,0
07608,222.53013751641984,0
07609,214.65900128040948,0
07610,194.78284531518693,0
07611,213.57886525714855,0
07612,232.43656849914782,0
07613,176.83157162121606,0
07614,182.41731360560237,0
07615,212.77007691212594,0
07616,201.87532415070527,0
07617,199.35622495648403,0
07618,186.56866966270326,0
07619,210.39335060770077,0
07620,214.98605076390376,0
07621,215.60026725738376,0
07622,218.09056719555795,0
07623,172.58432997186912,0
07624,216.20942389928985,0
07625,225.36455067772715,0
07626,178.3847528723752,0
07627,229.46680682319098,0
07628,208.47828461975797,0
07629,197.84583106313397,0
07630,207.2764175386264,0
07631,192.20550490119743,0
07632,210.7762712442438,0
07633,213.6996685897088,0
07634,228.02426470867172,0
07635,203.3744813685252,0
07636,210.92177094766183,0
07637,199.29183982177187,0
07638,219.9572089784638,0
07639,190.47703712454353,0
07640,190.8494960880972,0
07641,222.73316188771528,0
07642,193.6557601121903,0
07643,241.87285464087032,0
07644,221.31855514528277,0
07645,199.53443537699212,0
07646,214.76675208760915,0
07647,210.7910225640586,0
07648,183.01152808511526,0
07649,213.3336441741057,0
07650,190.95320073088428,0
07651,226.50226996762592,0
07652,204.83173801697558,0
07653,186.97624839238242,0
07654,203.63952006930316,0
07655,199.49237549373,0
07656,203.05753988541352,0
07657,185.98718645717068,0
07658,236.49516478210734,0
07659,184.94213070389227,0
07660,244.9559308648183,0
07661,207.66365442057085,0
07662,206.59673103492378,0
07663,185.90546250292863,0
07664,218.48498326257743,0
07665,218.54899599009104,1
07666,180.6363612594019,0
07667,201.9794540293307,0
07668,219.63039556402904,0
07669,187.9727784658409,0
07670,209.792109417821,0
07671,220.59960088145056,0
07672,213.85694705603078,0
07673,202.18688607615394,0
07674,189.41457829441993,0
07675,201.37133053970757,0
07676,213.05458078823315,0
07677,217.9641362971421,0
07678,243.85591098977997,0
07679,202.21850308871296,0
07680,185.54405352528298,0
07681,205.44122333766893,0
07682,204.3741339491315,0
07683,188.27098941838332,0
07684,205.5994084182376,0
07685,170.34247804698666,0
07686,200.2018639751706,0
07687,210.91624105624658,0
07688,208.8730472250176,0
07689,206.9361357455385,0
07690,223.43630709116823,0
07691,226.53979812801697,0
07692,207.63764801468724,0
07693,220.68036482299846,0
07694,189.91443143875827,0
07695,165.74235912091055,0
07696,205.29846673971215,0
07697,188.72839850945027,0
07698,178.51599349479233,0
07699,216.6257293274773,0
07700,213.83983954914126,0
07701,186.50013165124955,0
07702,182.8959467532859,0
07703,202.3012336542957,0
07704,191.77069878683488,0
07705,190.61156758785674,0
07706,181.74716898131112,0
07707,219.27792748461644,0
07708,211.90895538906014,0
07709,204.29446298675748,0
07710,181.06715033498543,0
07711,236.6236247509877,0
07712,171.80162017385146,0
07713,197.85422797477676,0
07714,194.16919913299654,0
07715,206.3789722107892,0
07716,231.21486106010352,0
07717,197.00047672163223,0
07718,170.26405660345495,0
07719,179.9890944559787,0
07720,208.4159502388843,0
07721,212.7429064003002,0
07722,215.51469373614924,0
07723,230.23143848270539,0
07724,187.35858291852014,0
07725,202.84918199982778,0
07726,181.91327994975885,0
07727,201.02231474007766,0
07728,226.064628764372,0
07729,200.66546069887582,0
07730,204.25420722037362,0
07731,186.22444203432843,0
07732,215.05953004612118,0
07733,195.71528862711816,0
07734,175.47586111339317,0
07735,185.87562886939352,0
07736,168.9600533423051,0
07737,211.2427416012591,0
07738,203.9706209022126,0
07739,213.98945430101793,0
07740,206.49394787581187,0
07741,204.42757206978152,0
07742,216.91033615915592,0
07743,213.1352117692517,0
07744,223.34892759307886,0
07745,203.20048854397425,0
07746,202.76589442762273,0
07747,191.3188312398422,0
07748,204.64701348015478,0
07749,201.73376370348072,0
07750,215.0274102748484,0
07751,196.68916683517088,0
07752,230.34955954851452,0
07753,179.20377988918446,0
07754,200.58156166663164,0
07755,220.22396160303606,0
07756,209.20387254428766,1
07757,235.2015375805364,0
07758,236.05165696373572,0
07759,199.65950297560826,0
07760,154.26166670620432,0
07761,221.764039649856,0
07762,205.51548419138163,0
07763,198.49636427805672,0
07764,228.51108081689006,0
07765,189.2295050588845,0
07766,189.87601793928147,0
07767,222.1757363378971,0
07768,188.472683619512,1
07769,198.58041261742363,0
07770,187.6218290140533,0
07771,208.31160729155783,0
07772,171.6189405525403,0
07773,202.0883180241644,0
07774,182.22654698806636,0
07775,211.32680026233567,0
07776,202.61578915628033,0
07777,215.07151982594144,0
07778,214.8758576314241,0
07779,204.9010920638515,0
07780,214.53695447162463,0
07781,221.01547681267346,0
07782,196.72903328321453,0
07783,218.3370543080564,0
07784,228.487100392783,0
07785,208.51880588311263,0
07786,210.21291569021741,0
07787,204.1970714169203,0
07788,202.22658338380504,0
07789,185.38543872042746,0
07790,208.4022107050633,0
07791,204.495216911081,0
07792,232.02569270936607,0
07793,214.6888645437839,0
07794,177.87121369007068,0
07795,174.4292279868193,0
07796,211.47106927379807,0
07797,183.53811569173155,0
07798,214.2400581013346,0
07799,192.65796884723275,1
07800,163.76725566233463,0
07801,192.83737899656143,0
07802,212.40554940322713,0
07803,198.61005783850717,0
07804,175.2092019412521,0
07805,214.54343190252192,0
07806,252.57078215595834,0
07807,196.36490532261115,0
07808,221.0153770719581,0
07809,204.78403886328536,0
07810,202.24880731370772,0
07811,189.22078808304283,0
07812,221.4189377520653,0
07813,181.41760795325712,0
07814,201.87552255567644,0
07815,169.99930424408467,0
07816,149.13124989200082,0
07817,223.3769657270422,0
07818,210.0961643218309,0
07819,202.35134470279183,0
07820,178.7086144953622,0
07821,172.38049188636845,0
07822,216.49873579911014,1
07823,172.3589876807922,0
07824,176.62765082713634,0
07825,199.2780828117653,0
07826,184.35079865004747,0
07827,189.892169847236,0
07828,217.46942771987125,0
07829,207.675405503698,0
07830,198.86907531416327,0
07831,193.25305526921824,0
07832,211.37769920652295,0
07833,190.20202205830503,0
07834,201.70162852735092,0
07835,222.0873290059587,0
07836,189.0393722350323,0
07837,208.77862752153933,0
07838,188.76943052386136,0
07839,165.13059559143113,0
07840,208.9497779984689,0
07841,240.5945055336243,0
07842,192.60533204501863,0
07843,234.7189449371549,0
07844,190.518611784624,0
07845,219.3090808244706,0
07846,225.44603031658164,0
07847,198.36085132640568,0
07848,202.82657824644608,0
07849,228.7171329710284,0
07850,183.7360394932054,0
07851,202.1927544135591,0
07852,160.82987243454667,0
07853,236.28470438705708,0
07854,204.32203777992925,0
07855,220.6642401395799,0
07856,217.78502554606195,0
07857,208.97534333731696,0
07858,244.7938771326151,0
07859,227.64818261950063,0
07860,167.9116228834343,0
07861,178.9587169611243,0
07862,233.94473575657577,0
07863,214.95768226153362,0
07864,171.7928455318061,0
07865,188.6392275871896,0
07866,233.83082363334688,0
07867,193.0899458076977,0
07868,198.3654200061045,0
07869,210.82299790554924,0
07870,228.17830055285708,0
07871,215.8159564268052,0
07872,216.20527368290692,0
07873,217.5630655235478,0
07874,197.1957924089762,0
07875,210.42703729072562,0
07876,219.12959767505293,0
07877,191.25376497142457,0
07878,225.71443706536027,0
07879,199.64721770660563,0
07880,210.7092370857579,0
07881,239.78182213722692,0
07882,183.79978051468714,0
07883,182.87245531904688,0
07884,214.99914255009435,0
07885,208.90948979444002,0
07886,210.40049819031583,0
07887,200.19452828624898,0
07888,232.82216493495383,0
07889,210.65899306613827,0
07890,207.64475933603413,0
07891,209.7751990772326,0
07892,202.95113533655456,1
07893,210.1822056629224,0
07894,167.07722160699987,0
07895,225.0242620757777,0
07896,192.47229458798353,0
07897,176.26492345508245,0
07898,200.37863885116772,0
07899,194.39282423383472,0
07900,236.5800084253464,0
07901,213.46746025519715,0
07902,195.5669474964126,0
07903,207.28964439247943,0
07904,196.1181129307121,0
07905,232.46840992715107,0
07906,199.6102965809703,0
07907,235.4223834518882,0
07908,210.46993950736473,0
07909,224.87139593561147,0
07910,190.9663678115917,0
07911,222.96642615101018,0
07912,192.71954445942734,0
07913,189.2802741723734,0
07914,184.2560054257887,0
07915,210.74303658811297,0
07916,229.0296056977137,0
07917,209.78444496108665,0
07918,204.37488797294094,0
07919,174.57842207772651,0
07920,200.92809378855094,0
07921,170.0130982187135,0
07922,171.53389856152978,0
07923,168.45119828258115,0
07924,171.56498181148226,0
07925,223.22786879822235,0
07926,198.85312782759962,0
07927,203.16431082346318,0
07928,212.78966416943808,0
07929,183.56928823053977,0
07930,197.82624743255025,0
07931,201.5225817829615,0
07932,240.09591122084782,0
07933,189.12706313854608,0
07934,170.60831398424608,0
07935,239.01755444965528,0
07936,190.40865582348187,0
07937,185.49285669012795,0
07938,191.64027671219827,0
07939,238.53217925979956,0
07940,235.7966292928587,0
07941,204.61409014408503,0
07942,229.0749163292239,0
07943,205.61159227789335,0
07944,181.48633835981028,0
07945,177.1258058257249,0
07946,199.9577384185315,0
07947,227.1254648279878,0
07948,236.0384454309307,0
07949,213.04727366545674,0
07950,175.54897004716403,0
07951,190.87709773438843,0
07952,197.10085923581605,0
07953,185.2394971594879,0
07954,191.2174258917128,0
07955,202.9010634194348,0
07956,197.80329473491173,0
07957,214.53339583440751,0
07958,188.3239835836816,0
07959,165.49047192751084,0
07960,168.83241817211433,0
07961,209.16858716297375,0
07962,191.15803641021853,0
07963,206.8115017252812,0
07964,211.43872312652155,0
07965,182.81964057294124,0
07966,163.14329233230393,0
07967,201.9300385802729,0
07968,212.76095303779144,0
07969,176.51344787533628,0
07970,225.7999462695324,0
07971,212.59427371105917,0
07972,215.3505512413901,0
07973,191.8824988702603,0
07974,205.00054569646596,0
07975,215.7564529918236,0
07976,213.07058799663386,0
07977,156.6996534259238,0
07978,171.56874016498534,0
07979,181.73823570435079,0
07980,226.65120132597116,0
07981,189.9350943642179,0
07982,219.13031958308682,0
07983,162.9552446603132,0
07984,229.3571777951366,0
07985,225.68273413250958,0
07986,160.69950027349802,0
07987,239.94162465757412,0
07988,197.439508077317,0
07989,191.11703858279188,0
07990,216.3647881055232,0
07991,168.78626090910797,0
07992,189.26628769674699,0
07993,192.33140995368473,0
07994,189.90447908579154,0
07995,217.10856814312257,0
07996,198.2878238065496,0
07997,200.4475559559956,0
07998,224.95694002166337,0
07999,193.33996146806896,0
08000,200.14582108612763,0
08001,196.7285554710805,0
08002,221.98889584540032,0
08003,194.5864922201042,0
08004,207.50957409911658,0
08005,189.86374281039593,0
08006,214.85036662111972,0
08007,172.2043258547764,0
08008,179.80806110101926,0
08009,208.6183093811363,0
08010,227.32127444595898,0
08011,168.2633944956433,0
08012,215.24706792316115,0
08013,236.98416669888877,0
08014,188.10573159735287,0
08015,174.73901997921692,0
08016,189.29013888637044,0
08017,182.45030853275233,0
08018,200.03537220174698,0
08019,206.93383041544257,0
08020,190.89903643580845,0
08021,181.39857812570955,0
08022,201.87834194326518,0
08023,205.67416332201483,0
08024,226.2462685330742,0
08025,222.6841065247119,0
08026,173.408397725854,0
08027,184.3904575328028,0
08028,186.05788141462827,0
08029,191.95566062520228,0
08030,216.66392622318406,0
08031,188.06686974278583,0
08032,233.27999227822227,0
08033,198.62036532268766,0
08034,199.7270520657587,0
08035,213.2598251744859,0
08036,188.12543768285124,0
08037,184.1298203950276,0
08038,215.9205848661958,0
08039,221.95265157222352,0
08040,215.8398383653407,0
08041,182.49402785347752,0
08042,213.11444901739495,0
08043,228.66123223290873,0
08044,227.40917516578796,0
08045,187.77876095430872,0
08046,213.66229330208208,0
08047,209.85581197249076,0
08048,201.32358069693495,0
08049,220.0647216615437,0
08050,201.91684875214014,0
08051,194.22305706181533,0
08052,200.97963531173485,0
08053,202.42274723432874,0
08054,220.7133651412549,0
08055,199.68178505843625,0
08056,211.9779858933609,0
08057,172.16233634219452,0
08058,187.8430670576382,0
08059,219.35554262575087,0
08060,207.95590091807998,0
08061,183.05579743583922,0
08062,196.4266923355087,0
08063,187.796418220598,0
08064,195.20536257636098,0
08065,215.38429729676963,0
08066,205.35704718021844,0
08067,211.17943995844723,0
08068,178.28780499914726,0
08069,181.79649786115124,0
08070,205.36234495371247,0
08071,208.0652434430964,0
08072,212.64947525567965,0
08073,215.7700399013967,0
08074,176.10680416414135,0
08075,159.36828091983028,0
08076,181.67435616653782,0
08077,199.59613050418616,0
08078,188.30439602908461,0
08079,197.84444041073775,1
08080,210.23385825313895,0
08081,220.13613314331138,0
08082,185.224620070911,0
08083,207.22009678001413,0
08084,182.63575356414304,0
08085,161.8655401739822,0
08086,200.80031708420248,0
08087,193.69067908653287,0
08088,172.34919652586538,0
08089,188.71637377322463,0
08090,173.1271545995071,0
08091,202.28952845855596,0
08092,219.83572003665196,0
08093,205.09725254648401,0
08094,212.83650156788912,0
08095,190.94236281593993,0
08096,219.72008525141652,0
08097,211.08458559240788,0
08098,218.22430309932997,0
08099,194.43245014770318,0
08100,241.53630501413306,0
08101,154.98266094257892,0
08102,199.85385132389516,0
08103,199.7164470387088,0
08104,197.9695520973297,0
08105,171.9927838643044,0
08106,179.5006015804139,0
08107,189.86913926118245,0
08108,221.20262116019222,0
08109,196.53770054101383,0
08110,153.670509551777,0
08111,199.44419043743358,0
08112,213.54150991934515,0
08113,223.36385884856526,0
08114,197.77823704852057,0
08115,199.11374535300317,0
08116,193.08818450099008,0
08117,193.22949034932319,0
08118,189.00281125588702,0
08119,189.63288871018153,0
08120,217.47349484418515,0
08121,185.12592781511378,0
08122,183.95048538760864,0
08123,188.17453666261775,0
08124,173.89406049099503,0
08125,225.31697781775702,0
08126,247.00653599301336,0
08127,230.29405520823045,0
08128,218.2278086820911,0
08129,209.77923150663543,0
08130,188.15078030048463,0
08131,152.89006085056414,0
08132,212.09836164371023,0
08133,201.41874775800454,0
08134,174.46590817832703,0
08135,188.4953921597141,0
08136,222.54217375872554,0
08137,165.45361309131434,0
08138,199.61496477371526,0
08139,199.4284818914872,0
08140,175.6114349425379,0
08141,186.11158363904607,0
08142,209.80188949320916,0
08143,235.88221982253464,0
08144,139.07309365821237,0
08145,178.41233307305487,0
08146,192.9649572596037,0
08147,164.08410998182265,0
08148,166.6941707096601,0
08149,187.29962584762634,0
08150,192.35405278599103,0
08151,212.65010087724707,0
08152,240.77133122294953,0
08153,214.49375650844755,0
08154,181.15113851913662,0
08155,188.12994924856204,0
08156,201.25877472684746,0
08157,200.91308110939775,0
08158,194.98666817620378,1
08159,209.83735044971507,0
08160,209.282329036142,0
08161,179.79590105920957,0
08162,184.26211826610535,0
08163,207.82921440423408,0
08164,215.52627474574453,0
08165,229.0917548248086,0
08166,230.53909510355624,0
08167,207.9688697852659,0
08168,203.59079587149188,0
08169,191.4097079705971,0
08170,198.62839141421068,0
08171,216.00444597219314,0
08172,212.9429292910911,0
08173,218.5993568407781,0
08174,223.7533017295979,0
08175,195.90826776647012,0
08176,212.14655181841508,0
08177,186.8587180128898,1
08178,173.1038146568602,0
08179,177.3402397570644,0
08180,224.72985891031638,0
08181,172.3697335929108,0
08182,235.3157252934586,0
08183,198.35143726656207,0
08184,194.50592006318647,0
08185,170.33635524361137,0
08186,198.59846520527478,0
08187,195.1363728853646,0
08188,180.3583664828237,0
08189,170.0794066282416,0
08190,216.84512923660537,0
08191,261.27782468826933,0
08192,151.35661390889624,0
08193,190.96336883299264,0
08194,186.54458743694087,1
08195,204.81741486982338,0
08196,197.28446273456566,0
08197,198.15538284445535,0
08198,235.9087984353148,0
08199,172.81030748714468,0
08200,238.27160812741826,0
08201,185.51397373379248,0
08202,205.31048843831712,0
08203,205.75950535413358,0
08204,179.88489162906367,0
08205,188.2737092671865,0
08206,210.1195312481635,0
08207,214.72920751159185,0
08208,219.776242227471,1
08209,201.69866286633712,0
08210,200.433550773292,0
08211,198.768712498772,0
08212,215.47932538847056,0
08213,181.87269566419778,0
08214,191.92534711343777,0
08215,224.20604160197203,0
08216,196.74325592345667,0
08217,155.97851107588252,0
08218,225.1711873721907,0
08219,223.44214972478915,0
08220,200.19864618783032,0
08221,229.41160924269747,0
08222,179.76759075086107,0
08223,202.79126344452123,0
08224,188.35222371078416,0
08225,185.99400161761676,0
08226,212.17972536769946,0
08227,175.68243182245646,0
08228,233.2626831240789,0
08229,215.46657302350303,0
08230,214.26707038835076,0
08231,215.68888320354299,0
08232,199.09246392141927,0
08233,168.77025453635449,0
08234,179.37973768191898,0
08235,167.69149917662926,0
08236,200.76616971923724,0
08237,198.89873229342817,0
08238,181.78810669402515,0
08239,205.43719216433993,0
08240,187.4815083368111,0
08241,174.06756517623484,0
08242,207.3949998168821,0
08243,177.66892869720772,0
08244,177.332893403686,0
08245,238.05215283140308,0
08246,202.95115898789305,0
08247,235.9121422935108,0
08248,183.57526662614632,0
08249,174.87774708969118,0
08250,200.02203749470888,0
08251,201.90201030210142,0
08252,225.41797805896522,0
08253,197.51514298209526,1
08254,205.64779834829812,0
08255,231.43511543979722,0
08256,183.17160041794946,0
08257,215.49853974315914,0
08258,184.87699443908414,0
08259,219.14577991337669,0
08260,204.10081079249915,1
08261,198.02755097427863,0
08262,187.79138405642354,0
08263,194.9050754272311,0
08264,171.66536920211212,0
08265,217.36770445109119,0
08266,195.7902580765859,0
08267,164.22678818489825,0
08268,211.75681815748024,0
08269,212.88586170071866,0
08270,174.92631950674544,0
08271,209.15533564577208,0
08272,170.30324956591446,0
08273,243.52573109203348,0
08274,185.5270037008753,0
08275,237.4902819034388,0
08276,164.52620166625525,0
08277,212.07177017752252,0
08278,182.9783119090036,0
08279,203.39567244056823,0
08280,179.73450453581097,0
08281,168.05574771675003,0
08282,209.32851226223897,0
08283,166.64900707056012,0
08284,142.35088597361175,0
08285,193.3769155420623,0
08286,178.16264676590114,0
08287,197.50860600406415,0
08288,197.66746291104604,0
08289,184.64727224551373,0
08290,199.64371414403413,0
08291,216.79868746144686,0
08292,194.33067614609888,0
08293,183.45522433711278,0
08294,199.3213847578159,0
08295,219.94087700917572,0
08296,220.8099250278274,0
08297,187.60900880979688,0
08298,216.9302650659508,0
08299,203.5151645393265,0
08300,204.70674084747,0
08301,225.32214569875248,0
08302,214.72265151430037,0
08303,166.04593998473183,0
08304,193.17000260171258,0
08305,221.37660018027418,0
08306,175.1073298517645,0
08307,194.77735145678753,0
08308,226.98091876061406,0
08309,226.86870269405736,0
08310,170.563314363573,0
08311,181.17528613899583,0
08312,242.8744590237585,0
08313,214.9840693140865,0
08314,196.60353592193152,0
08315,184.69136135455759,0
08316,179.83937493620448,0
08317,181.86751332379123,0
08318,191.51992159688243,0
08319,195.85829730922737,0
08320,199.77971143283858,0
08321,197.15499545982752,0
08322,196.40049150717218,0
08323,207.7414785044137,0
08324,190.45451336811522,0
08325,203.3018987350858,0
08326,197.9090094428745,0
08327,170.04457352376556,0
08328,184.46096597338155,0
08329,178.38893836801924,0
08330,199.54386605540344,0
08331,188.98004223621973,0
08332,209.4301382940722,0
08333,152.18712555383897,0
08334,204.91035225828222,0
08335,185.79413812060594,0
08336,199.90693307391805,0
08337,199.19316268204017,0
08338,208.51920847508572,0
08339,188.88869913254595,0
08340,196.0712020681015,0
08341,198.71098292893402,0
08342,221.9415215715829,0
08343,191.71725052496708,0
08344,212.96264026461327,0
08345,208.33626363300186,0
08346,184.7279906808836,0
08347,167.3683802622877,0
08348,187.0563010137992,0
08349,167.1539499723394,0
08350,203.0925078811835,0
08351,214.571432184812,0
08352,175.63863632058408,0
08353,174.52323100084908,0
08354,182.33462715205877,0
08355,209.22189949703892,0
08356,203.03194830586318,0
08357,199.9047426753916,0
08358,219.3918034902799,0
08359,177.59452550387743,0
08360,184.74866470382995,0
08361,194.97070145021868,1
08362,187.94686176911108,0
08363,197.30913828939458,0
08364,209.44147524857175,0
08365,211.85306212597374,0
08366,223.55513501121953,0
08367,226.08493674841858,0
08368,215.764779961163,0
08369,203.25962462344708,0
08370,216.04724939301332,0
08371,177.28197026704217,0
08372,194.82855424177666,0
08373,235.5792802550182,0
08374,202.32619256432454,0
08375,180.9981929084618,0
08376,200.9912985338898,0
08377,196.93323055545548,0
08378,221.587918693902,0
08379,188.23330716045132,0
08380,201.13110250423944,0
08381,198.23776610056586,0
08382,210.68944198558899,0
08383,202.84528532475267,0
08384,215.53693739414166,0
08385,189.9732238995555,0
08386,195.4918342704784,0
08387,219.3068170575531,0
08388,213.65172678949196,0
08389,211.63980669993725,0
08390,203.7890576590329,0
08391,197.16956865983533,0
08392,192.0271895665985,0
08393,206.0195301922914,0
08394,218.00025387450484,0
08395,203.12923769755187,0
08396,217.76248697997244,0
08397,205.63248008166428,0
08398,206.33676448635745,0
08399,184.25467738281426,0
08400,192.832802388943,0
08401,173.98070629812898,0
08402,230.63945341671814,0
08403,187.43662552957238,0
08404,209.45364997610432,0
08405,211.6396560029278,0
08406,206.74231548567766,0
08407,227.76260125184007,0
08408,173.58811649628765,0
08409,212.1720269420352,0
08410,204.1651833178846,0
08411,217.81128873361288,0
08412,209.28610549480348,0
08413,213.99471713861945,0
08414,187.22703064489582,0
08415,213.22033988147786,0
08416,201.83390248844913,0
08417,228.93985814632057,0
08418,210.57256702298673,0
08419,174.28902955626614,0
08420,235.39379703246118,0
08421,212.36238818675358,0
08422,214.94336686037747,0
08423,198.34752005767874,0
08424,186.9426842264213,0
08425,157.89297987467722,0
08426,220.06880846333425,0
08427,188.92615949412345,0
08428,220.01022157404253,0
08429,232.10172581416091,0
08430,246.56807314765734,0
08431,212.19864830234536,0
08432,205.22478926426365,0
08433,185.94835609708446,0
08434,223.8589532262286,1
08435,173.65662749749868,0
08436,172.43867229720675,0
08437,199.98218142508807,0
08438,226.61084255865381,1
08439,210.2061659778259,0
08440,193.10014241599362,0
08441,214.41484407208696,0
08442,223.92139113686966,0
08443,177.67638687395362,0
08444,230.22673286732896,0
08445,187.7956824951597,0
08446,193.5726788847647,0
08447,203.1470354577458,0
08448,160.39677864142016,0
08449,221.15894021258913,0
08450,198.32106317596768,0
08451,222.25748656357325,0
08452,203.48577089901443,0
08453,224.8101847836302,0
08454,155.55834952847906,0
08455,190.26996577051244,0
08456,189.02037560292698,0
08457,177.29250400354087,0
08458,172.24414286935132,0
08459,182.43329568952512,0
08460,218.12768606754986,0
08461,227.55899703016098,0
08462,209.6342779710494,0
08463,214.2953660762533,0
08464,217.9949318306401,0
08465,155.5327441157699,0
08466,187.8701714041879,0
08467,222.09543287803254,0
08468,222.0426644908887,0
08469,213.67746357198152,0
08470,176.13855130607132,0
08471,196.00491034585338,0
08472,168.85735290206793,0
08473,179.87836245500077,0
08474,216.69752793561588,0
08475,164.44946394470014,0
08476,199.62360779692827,0
08477,211.59288881991876,0
08478,214.2501927679771,0
08479,214.7931771460037,0
08480,225.11174131448735,0
08481,202.75542952099312,0
08482,202.12642396430064,0
08483,187.40127284778873,1
08484,217.8920161645584,0
08485,196.8042125334727,0
08486,185.49577236088166,0
08487,207.08835259818056,0
08488,178.97109375077926,0
08489,195.98998614431812,0
08490,185.48138569020955,0
08491,186.05930703488153,0
08492,200.56450761476236,0
08493,157.72525671617217,0
08494,195.90504799159163,0
08495,223.88934757720938,0
08496,189.04201131371707,0
08497,160.6505327015209,0
08498,189.96649455577955,0
08499,182.37668837973075,0
08500,189.57166086182417,0
08501,162.43337881323117,0
08502,199.4656820415503,0
08503,196.37709934750927,1
08504,220.94767293630593,0
08505,186.62263323195717,0
08506,244.00515624517888,0
08507,219.40119462471623,0
08508,209.9753333568021,0
08509,207.88861934481764,0
08510,198.24891549251237,0
08511,214.55120774133476,0
08512,185.67618690762635,0
08513,202.95550402515164,1
08514,213.00765071012304,0
08515,210.6995149078229,0
08516,222.94961711072148,0
08517,200.69465652709235,0
08518,189.44081587958587,0
08519,181.99856060352337,0
08520,191.1421777460102,0
08521,183.3646106085177,0
08522,222.66497742857226,0
08523,225.3216723090813,0
08524,223.14604554459734,0
08525,184.9307633120377,0
08526,222.4673322744755,0
08527,180.25880052567155,0
08528,183.2174118337635,0
08529,202.82227543191874,0
08530,253.7190515597495,0
08531,185.33308216680118,0
08532,227.21168549323272,0
08533,182.67558075696593,0
08534,216.0036679955281,0
08535,195.38165246229204,0
08536,180.45971537666108,0
08537,221.645849838388,0
08538,160.75680901959072,0
08539,196.03807200383505,0
08540,227.15020721251264,0
08541,195.1070486273556,0
08542,159.5442156209986,0
08543,183.44661810802876,0
08544,175.8960681523032,0
08545,222.6422093139497,0
08546,227.49916683103635,1
08547,205.64709114500965,0
08548,182.13891009446806,0
08549,220.08891765085866,0
08550,226.10573959797574,0
08551,178.07915563574412,1
08552,186.07101981863798,0
08553,214.7413689793399,0
08554,175.40643199449184,0
08555,175.73786970137877,0
08556,180.3507590125175,0
08557,199.18497617516425,0
08558,233.8828701020052,0
08559,219.8873490751432,0
08560,200.81258833772648,0
08561,194.26702038192894,0
08562,171.3605516012407,0
08563,205.86181822087087,0
08564,201.44268328795337,0
08565,188.22489841722904,0
08566,191.9531341351312,0
08567,213.03011883370516,0
08568,188.1176233855633,0
08569,198.2725992445892,0
08570,203.65090827078896,0
08571,188.07245486401908,0
08572,219.6959648423205,0
08573,204.4898674242072,0
08574,211.68872729050506,0
08575,214.20055713394513,0
08576,170.29165731539152,0
08577,186.90399377897594,0
08578,190.98228884833478,0
08579,179.30077727397537,0
08580,194.94955308138609,0
08581,173.72779234702978,0
08582,216.65587625816792,0
08583,209.1378776606154,1
08584,193.3599805793176,0
08585,206.68345999256385,0
08586,207.83811552788507,0
08587,189.1377811731092,0
08588,178.07328212700753,0
08589,184.8776938672133,0
08590,190.38440076176383,0
08591,196.5482123151062,0
08592,172.8496178368235,0
08593,200.7710123410864,0
08594,212.03889560187483,0
08595,212.181421308786,0
08596,202.85356254044132,0
08597,208.64490786923764,0
08598,212.57736231115265,0
08599,223.8285376059503,0
08600,199.03520001395324,0
08601,193.0530910743957,0
08602,181.5279981685331,0
08603,187.73453353010746,0
08604,202.08728519015557,0
08605,185.1148263520508,0
08606,195.89936715633448,0
08607,170.52500722845377,0
08608,182.90716532841208,0
08609,183.18741088813317,0
08610,234.9032552909091,0
08611,213.5643980018534,0
08612,204.76492593981706,0
08613,172.48646609188464,0
08614,176.27010861781795,0
08615,216.87611395571145,0
08616,184.04156590514222,0
08617,199.47876193347864,0
08618,153.1226326538876,0
08619,215.66030254746676,0
08620,175.92748828618173,0
08621,200.70369731227368,0
08622,188.55630569921632,0
08623,189.42746488219547,0
08624,181.72905409204796,0
08625,212.10274311672774,0
08626,217.4739722617441,0
08627,230.9678195662612,0
08628,213.25032605504782,0
08629,226.20606484880722,0
08630,223.0378671421904,0
08631,167.99626288941323,0
08632,219.33224098255042,0
08633,202.5919196005394,0
08634,198.26270099173973,0
08635,189.16084098073685,0
08636,199.43191827753893,0
08637,221.59655074300542,0
08638,177.7097488839827,0
08639,168.8658991466986,0
08640,187.44192197580628,0
08641,208.6606110570821,0
08642,175.27733368765473,0
08643,194.74967022986274,0
08644,218.8865063769243,0
08645,221.6689087895068,1
08646,223.20308584498116,0
08647,176.86252957928974,0
08648,209.18277492692323,0
08649,220.2939409380971,0
08650,220.90320433000304,0
08651,217.5906748153982,0
08652,191.73075429112725,0
08653,218.61629242496582,0
08654,208.5396973474069,0
08655,237.90900380382988,0
08656,195.7283870823016,0
08657,200.1892305701,0
08658,149.77885416938983,0
08659,217.56032344818357,0
08660,214.05775355908585,0
08661,229.68341501778076,0
08662,223.07682576572563,0
08663,212.09790490031355,0
08664,202.94578659558712,0
08665,185.1429337237578,0
08666,198.32201087896777,0
08667,223.860652665334,0
08668,196.504630404796,0
08669,205.4906207481754,0
08670,174.43172627201247,0
08671,214.20047884213295,0
08672,190.81324231752728,0
08673,208.981482249746,0
08674,179.13895455965744,0
08675,179.55755840331216,0
08676,188.49363937194238,0
08677,217.82536244701475,1
08678,209.2083084895695,0
08679,196.19529163610824,0
08680,210.47634575896225,0
08681,166.48150377927493,0
08682,171.60418551588634,0
08683,178.23746030194877,0
08684,197.0526745560165,0
08685,156.25006276986466,0
08686,203.04708624397352,0
08687,185.52220625128695,0
08688,238.45934696403,0
08689,174.18356577240763,0
08690,181.69788755064772,0
08691,176.45536354362002,0
08692,229.721772672064,0
08693,186.55319325281437,0
08694,190.98944063718696,0
08695,187.4566189673624,0
08696,175.79975324052077,0
08697,228.15880602349293,0
08698,207.0871402523648,0
08699,172.62508396374295,0
08700,208.81957335776016,0
08701,213.76343490502495,0
08702,202.77520286485137,0
08703,185.81050727345115,0
08704,178.91323476571188,0
08705,224.07127070523336,0
08706,157.1227493241179,0
08707,198.35680030936214,0
08708,215.01158836351155,0
08709,214.99075786221078,0
08710,208.46834628755244,0
08711,218.31954989223473,0
08712,206.27844774276235,0
08713,195.41403217639214,0
08714,216.1496295191302,0
08715,205.2412911921659,0
08716,229.3892104780085,0
08717,233.41922783775146,0
08718,206.54281529425262,0
08719,190.54857025482173,0
08720,193.10364376841025,0
08721,191.09160416953705,0
08722,207.1734558431443,0
08723,181.87923443759388,0
08724,200.27303721873068,0
08725,185.8642253544503,0
08726,201.29748598987297,0
08727,245.78190454270575,0
08728,248.33723988282748,0
08729,214.1680215951587,0
08730,198.75313658666886,0
08731,217.15842559802104,0
08732,180.82440053703104,0
08733,185.932004566211,0
08734,210.27502188040498,0
08735,198.64661226879846,0
08736,186.27703707736472,0
08737,270.62420689944736,0
08738,209.78881035876543,0
08739,186.29338105533725,0
08740,210.34179359154382,0
08741,168.78865699714584,0
08742,191.92657910384102,1
08743,180.3135861946223,0
08744,241.06795870544016,0
08745,193.91992298474767,0
08746,228.23735223494998,0
08747,187.01507178135998,0
08748,208.45291829274973,0
08749,218.9856320008629,0
08750,193.93755048398899,0
08751,193.00693239055747,0
08752,181.5257741468846,0
08753,182.29803945079146,0
08754,183.79090979376738,0
08755,172.4601605214303,0
08756,210.3976977813239,0
08757,205.4056090522731,0
08758,194.39009604449936,0
08759,192.63097095544887,0
08760,213.01703101108643,0
08761,205.36069570635453,0
08762,204.12559592499414,0
08763,209.76196500826447,0
08764,188.05564734480825,0
08765,204.06004577989768,0
08766,209.21010510251094,0
08767,219.52758078410125,0
08768,198.9338128167954,0
08769,226.658626230034,0
08770,194.32401441165308,0
08771,193.90859365925712,0
08772,197.49339313421422,0
08773,195.5429549185235,0
08774,229.1892728269848,0
08775,206.52625960965943,0
08776,186.1800748525602,0
08777,200.80093092992215,0
08778,178.97436443319438,0
08779,164.70932184017587,0
08780,203.58197624435053,0
08781,173.09584271358656,0
08782,217.12092077480952,0
08783,192.07608417769504,0
08784,220.8684121649041,0
08785,220.94496307004212,0
08786,234.25700037240688,0
08787,223.97237642963023,0
08788,195.96867206275104,0
08789,190.58883050664386,0
08790,197.85672458915334,0
08791,213.96051494891663,0
08792,210.3833313598246,0
08793,191.64314873789226,0
08794,192.18982177540354,0
08795,198.27433976355633,1
08796,204.90220982674103,0
08797,201.39365629523544,0
08798,179.44153780978766,0
08799,178.2117211167705,0
08800,221.11762974541406,0
08801,224.50245881794865,0
08802,204.32846038694294,0
08803,217.6941194225183,0
08804,195.5314167650287,0
08805,175.1683801312715,0
08806,210.32105757417773,0
08807,151.5736855747339,0
08808,181.20843268140922,0
08809,191.3142150570481,0
08810,230.25978126964654,1
08811,173.52311093860578,0
08812,227.73399847069675,0
08813,201.29168692917293,0
08814,190.55195222728614,0
08815,208.44811953587384,0
08816,236.12275861294955,0
08817,201.20723614168924,0
08818,195.27188684584704,0
08819,177.1740083240866,0
08820,240.63236636539642,0
08821,210.980810397905,0
08822,179.07141299828953,0
08823,168.0869743907173,0
08824,162.69242844245593,0
08825,200.5452621369676,0
08826,197.54033747986432,0
08827,227.27394504857162,0
08828,201.6447004747839,0
08829,196.8572977471104,0
08830,206.82307512274136,0
08831,188.46456417788448,0
08832,196.86647379632535,0
08833,204.27893138795122,0
08834,191.2917043795731,0
08835,183.35679274413104,0
08836,195.85497246295864,0
08837,213.6486139989449,0
08838,167.1673165138958,0
08839,205.00638840010157,0
08840,168.02903130988892,0
08841,192.89742634405405,0
08842,212.17574458794172,0
08843,202.36879208867106,0
08844,195.76298806308074,0
08845,206.47700239275784,0
08846,203.52726674055828,0
08847,222.68571455796993,0
08848,188.7111929894461,0
08849,198.8767148745506,0
08850,183.00863260945408,0
08851,163.56430258834,0
08852,159.10621573175888,0
08853,208.16277770898697,0
08854,212.6937487705283,0
08855,153.99048865544881,0
08856,179.51732977772912,0
08857,204.57243744554668,0
08858,192.93212670526052,0
08859,211.3221985027224,0
08860,198.74118008396397,0
08861,196.82687673273895,0
08862,232.718374477788,0
08863,223.28215858395586,0
08864,188.82803536213763,0
08865,230.46452802367924,0
08866,192.20231914222654,0
08867,187.71139802093,0
08868,233.94249443743823,0
08869,158.8083959832128,0
08870,196.45477022574224,0
08871,211.52185284239056,0
08872,164.14868275532586,0
08873,179.74100112315003,0
08874,210.45746566021091,1
08875,189.90722444741974,0
08876,219.07175248219008,0
08877,187.00878797091354,0
08878,222.50505174765087,0
08879,191.27856054379217,0
08880,234.34562434465147,0
08881,171.28252102386477,0
08882,231.96964879802317,0
08883,211.15299279272682,0
08884,201.1536388818191,0
08885,168.93070131696615,0
08886,210.62745142792534,1
08887,196.9567161244748,0
08888,225.7302071128267,0
08889,216.13907460005882,0
08890,177.08843112568283,0
08891,160.47169562887535,0
08892,240.99191292786543,0
08893,222.7704041090788,0
08894,211.3810804301795,0
08895,191.95255502274824,0
08896,217.60649907588999,0
08897,224.1175744092458,0
08898,189.01202722983308,0
08899,216.55920489455102,0
08900,202.52503769256245,0
08901,221.18489233461193,0
08902,209.03544533542936,0
08903,224.53195097674495,0
08904,226.0209881582567,0
08905,245.26443563535673,0
08906,203.14684987445577,0
08907,190.69880631333618,0
08908,211.24282468379343,0
08909,171.19740431738575,0
08910,189.02584683654416,0
08911,176.207103929796,0
08912,231.11914374509558,0
08913,204.89710147358022,0
08914,204.68209987257157,0
08915,240.03906558660674,0
08916,184.2245692155838,0
08917,202.33679621823742,0
08918,207.41049963878947,0
08919,218.4208941994706,0
08920,192.14363674529613,0
08921,234.44902287906848,0
08922,184.50909917314928,0
08923,173.54444755737177,0
08924,190.745209467724,0
08925,199.36498025421548,0
08926,210.408181432686,0
08927,166.05766548134986,0
08928,209.28014013013802,0
08929,188.24078051373513,0
08930,201.85474104039594,0
08931,220.1955567780213,0
08932,239.3213759229774,0
08933,208.90785508056842,0
08934,205.79913237273956,0
08935,199.25873766449618,0
08936,201.4862551660779,0
08937,224.26962423437558,0
08938,228.9692057821356,0
08939,199.3832170405372,0
08940,199.3834260755804,0
08941,215.21368364029652,0
08942,199.54301296312607,0
08943,215.94196935421857,0
08944,189.9387041366655,0
08945,190.6982087040158,0
08946,217.326420659372,0
08947,199.2128740659528,0
08948,176.41669919158824,0
08949,233.72222530517715,0
08950,240.17974098468557,0
08951,190.74820939592493,0
08952,183.93575755979344,0
08953,224.84217421011778,0
08954,185.52938266236364,0
08955,194.17106005400726,0
08956,194.6492288810785,0
08957,214.57765644940798,0
08958,196.67465556717022,0
08959,195.63814473293937,0
08960,200.21003058362857,0
08961,192.05268861274865,0
08962,195.55630757146417,0
08963,218.9171360249623,0
08964,198.49360844275756,0
08965,177.2832460609639,0
08966,170.72874686378927,0
08967,194.31698795330507,0
08968,230.19742784649335,0
08969,195.75085615748876,0
08970,197.73645719080687,0
08971,213.5806899540572,0
08972,193.43201280236082,0
08973,173.86502425186336,0
08974,207.20702961832353,0
08975,210.3428411706101,0
08976,237.79766010415028,0
08977,224.3206566594309,0
08978,199.7329135989513,0
08979,186.7342347791058,0
08980,181.98797814639187,0
08981,185.67058631505333,0
08982,215.37551151304314,0
08983,206.51825778052952,0
08984,201.8724786419933,0
08985,193.6802703886279,0
08986,182.40009354513492,0
08987,206.20299449751667,0
08988,176.20974022594692,0
08989,212.86533598964877,0
08990,177.06443870824236,0
08991,208.2883396396549,0
08992,209.3796146475426,0
08993,204.53734925235042,0
08994,201.55444169821223,0
08995,214.2647826005931,0
08996,178.47701741323715,0
08997,217.0622721749458,0
08998,196.1086739618065,0
08999,176.65038322264928,0
09000,173.65446802788097,0
09001,235.35030923112677,0
09002,175.2278291998967,0
09003,211.1951696538233,0
09004,185.6506488515674,0
09005,212.82317064081457,0
09006,219.54701437581954,0
09007,212.04650979183987,0
09008,235.47585921324736,0
09009,219.17179002545183,0
09010,195.10944331300058,0
09011,154.7646333573582,0
09012,202.82921066237532,0
09013,189.04341523207077,0
09014,239.43207630674897,0
09015,190.558592603745,0
09016,209.41005561482564,0
09017,175.18121319130523,0
09018,176.85622619444703,0
09019,193.5852311334852,0
09020,223.29083635010312,0
09021,185.28206766421474,0
09022,201.95162792528726,0
09023,213.7524558789171,0
09024,179.63343713748918,0
09025,190.90675998285278,0
09026,188.4455202905602,0
09027,165.50249178090746,0
09028,231.47751870810583,0
09029,193.63528759407,0
09030,204.6514140333886,0
09031,199.80336209703913,0
09032,201.10244791637797,0
09033,189.54656249796525,0
09034,222.8713847731026,0
09035,217.28356877658683,0
09036,218.87800792662082,0
09037,189.2915162373232,0
09038,232.9270993475131,0
09039,202.36668123553892,0
09040,207.85775938541602,0
09041,175.8863345303622,0
09042,234.3696317201385,0
09043,215.15018423213,0
09044,197.45965261404845,0
09045,203.93778905239512,0
09046,212.5275703080629,0
09047,195.6125712382965,0
09048,192.20782040632312,0
09049,173.99283386924876,0
09050,202.19828039164997,0
09051,217.41498401573097,0
09052,193.41588299148725,0
09053,194.70056693219567,0
09054,186.61861201024115,0
09055,231.56468777191932,0
09056,161.71107590840126,0
09057,161.52812974784615,0
09058,170.5417836864248,0
09059,207.98378820642037,0
09060,142.96922890466072,0
09061,189.88459641460338,0
09062,187.81087193256462,0
09063,171.02191764451763,0
09064,192.6428238433479,0
09065,211.55385765324445,0
09066,213.0041216268328,0
09067,210.1092289904491,0
09068,172.10513062881088,0
09069,197.81553059092118,0
09070,174.26829654225347,0
09071,202.23760396034345,0
09072,220.4651974152052,0
09073,166.85293460445922,0
09074,219.36002917272614,0
09075,182.47011857388264,0
09076,209.45505498654444,0
09077,218.6987490470837,0
09078,173.02747365328548,0
09079,173.83903990103485,0
09080,219.8014986394283,0
09081,188.4730768588367,0
09082,193.7380186424647,0
09083,181.77067230610703,0
09084,224.99368612888824,0
09085,197.80571746387682,0
09086,209.02044044203555,0
09087,204.47661244434553,0
09088,225.31822486811512,1
09089,202.14323733929194,0
09090,223.0186098402012,0
09091,218.6985251768084,0
09092,207.6391883322192,0
09093,219.3587272746099,0
09094,234.91175705894284,0
09095,225.86406800920722,0
09096,185.01432402370793,0
09097,166.81902500355895,0
09098,193.40359686457109,0
09099,201.1282529491695,0
09100,206.1558338741585,0
09101,160.39483559957483,0
09102,189.1590175628769,0
09103,200.23230352847713,0
09104,183.19940148236554,0
09105,193.93662736126322,0
09106,224.93724346596255,0
09107,215.10813237787394,0
09108,195.98382755892206,0
09109,225.93918077197452,0
09110,220.49953453841812,0
09111,217.9065667464078,0
09112,223.57832122768718,0
09113,188.0466796200226,0
09114,201.39074454122579,0
09115,214.36094305175513,0
09116,214.130351243826,0
09117,177.30178646655554,0
09118,214.35138235082684,0
09119,135.7591301413995,0
09120,232.22357355496473,0
09121,196.194742025163,0
09122,207.57144890744826,0
09123,154.59995950693886,0
09124,228.81672417610136,0
09125,235.71299055766642,0
09126,195.2190293140067,1
09127,198.04144501182432,0
09128,207.83112614053934,0
09129,199.13947328559763,0
09130,178.426421368416,0
09131,214.94674676809728,0
09132,193.8816377838744,0
09133,175.8494738704475,0
09134,204.50475461280558,0
09135,212.6467077628653,0
09136,220.98571107066596,0
09137,226.50759726061455,0
09138,196.97493618928556,0
09139,222.89300086517594,0
09140,238.5354137355846,0
09141,224.67308172405805,0
09142,198.4118036802507,0
09143,225.9227041224752,0
09144,182.27980128134317,0
09145,212.00455920323282,0
09146,181.54192654922008,0
09147,241.83096170706636,0
09148,189.0795549613777,0
09149,192.33613024393227,0
09150,210.8617458674982,0
09151,212.6796635380105,0
09152,210.98063872533913,0
09153,241.5301069425889,0
09154,215.94471764894706,0
09155,161.91656468114888,0
09156,207.44504853677816,0
09157,198.8102053811287,0
09158,209.60692943054875,0
09159,223.4006254591978,0
09160,204.41755920482743,0
09161,188.19884332222077,0
09162,206.3442135112288,0
09163,202.80199497165088,0
09164,160.22214442675747,0
09165,201.4674111526641,0
09166,174.28989442607718,0
09167,167.07843102004074,0
09168,195.8669579102163,0
09169,231.92291216616852,1
09170,208.3043154184927,0
09171,198.9134282752234,0
09172,209.60816487879,0
09173,189.40118857598983,0
09174,225.88087392199625,0
09175,152.56834505366754,0
09176,219.6748877810361,0
09177,211.1471227423965,0
09178,167.25332729841114,0
09179,203.97914143810723,0
09180,182.80999070970194,0
09181,176.38405355398427,0
09182,207.50289969217505,0
09183,182.39224722204403,0
09184,190.60296485177065,0
09185,175.40511322490198,0
09186,183.5056818200573,0
09187,204.19425532389027,0
09188,222.20296025702584,0
09189,184.05690314081065,0
09190,205.42519537519925,0
09191,204.02267477041195,0
09192,222.6441842904386,0
09193,190.1957405252472,0
09194,210.7706212171474,0
09195,204.87967893035582,0
09196,221.17006578316003,0
09197,171.4887317207663,0
09198,200.07839902336377,0
09199,181.20097358667232,0
09200,160.16207054304448,0
09201,226.57577054541218,0
09202,175.39475223861768,0
09203,202.529030895099,0
09204,201.66171681210596,0
09205,185.10174085274218,0
09206,180.84518797674988,0
09207,183.37232123135192,0
09208,229.56379899173456,0
09209,228.98750362265548,0
09210,230.34322629028162,0
09211,184.5107889519815,0
09212,168.22589049099022,0
09213,216.38528539729978,0
09214,192.6373130452576,0
09215,216.7421594911152,0
09216,194.64696557679835,0
09217,204.92023406987042,0
09218,169.5308047873387,0
09219,209.44436925513307,0
09220,200.61545354085123,1
09221,193.04763856671806,0
09222,194.3469055254568,0
09223,206.28145427948004,0
09224,202.06349804320058,0
09225,169.19042477062345,0
09226,184.87022384009262,0
09227,200.11390935620213,0
09228,202.96508755279032,0
09229,193.35744181398593,0
09230,184.64975437043606,0
09231,187.74745642341696,0
09232,180.79435827158844,0
09233,250.29343350093222,0
09234,192.51132265801644,0
09235,198.59201379264326,1
09236,199.51082235007928,0
09237,191.04649046440983,0
09238,196.0624329742453,0
09239,175.96990527964144,0
09240,168.38274096323926,0
09241,217.77531512404923,0
09242,183.257019236733,0
09243,224.28554339108237,0
09244,242.4376624057923,0
09245,200.46752082916956,0
09246,218.74958664232253,0
09247,194.74135868415604,0
09248,198.40659472007889,0
09249,186.9084802208873,0
09250,229.30029227290052,0
09251,196.9750142829422,0
09252,182.37718672735303,0
09253,211.3665235650548,0
09254,178.91416544169883,0
09255,232.1689443011505,1
09256,177.10667908132132,0
09257,187.46835916532746,0
09258,157.77827830099417,0
09259,183.92735212175535,0
09260,203.53143406995716,0
09261,208.9302729809707,0
09262,174.2715252508053,0
09263,233.93982121067367,0
09264,213.90484664695103,0
09265,173.74066883025935,0
09266,178.16787991793336,0
09267,222.67208079103395,1
09268,225.93287320676583,0
09269,214.519688671325,0
09270,205.36479305118175,0
09271,202.2926497290475,0
09272,199.0420319443492,0
09273,239.6764799594003,0
09274,246.7709354328647,0
09275,211.46488745654145,0
09276,193.2912428415449,0
09277,180.74055533819666,0
09278,189.3001258174395,1
09279,204.39553178171064,0
09280,202.63585402037447,0
09281,184.01832061504598,0
09282,240.09435235635507,0
09283,178.75162467005975,0
09284,188.6800279800594,0
09285,171.601536573937,0
09286,217.96307880545487,0
09287,206.64120800568045,0
09288,200.5837648907115,0
09289,218.22370556689856,0
09290,140.06175201951288,0
09291,164.45357690914318,0
09292,186.3369088274342,0
09293,208.10287748549365,0
09294,168.21000996790607,0
09295,229.49267827589975,0
09296,196.2601698293296,0
09297,221.16768853049714,1
09298,202.76922605217288,0
09299,192.32210400253277,0
09300,192.88897332610338,0
09301,175.30210771797633,0
09302,224.70063446340066,0
09303,164.19234208473642,0
09304,208.55652594460014,0
09305,181.7113360881703,0
09306,223.66730804118,0
09307,197.42369434733257,0
09308,191.13534704364574,0
09309,199.05619569239389,0
09310,215.22878415192164,0
09311,191.77310988502998,0
09312,192.91704379695852,0
09313,195.86559660800017,0
09314,189.74530696398384,0
09315,214.35910494786773,0
09316,207.1571627983271,0
09317,221.99425347691266,0
09318,213.38894292921086,0
09319,217.28972962925337,0
09320,194.10699439935073,0
09321,230.6813756784358,0
09322,190.76382563661292,0
09323,204.00501502994928,0
09324,166.37544319104455,0
09325,215.88512169678856,0
09326,180.6421579858791,0
09327,202.25380531228342,0
09328,211.6710578166088,1
09329,176.59092160457993,0
09330,203.77478197466306,0
09331,151.32490224157158,0
09332,191.41133855341184,0
09333,180.82951381243456,0
09334,200.55817829447494,0
09335,158.47692304160142,0
09336,203.89973425750298,0
09337,182.64672386489025,0
09338,188.2794954588913,0
09339,193.99748225207895,0
09340,181.61526287658253,0
09341,222.41416022925483,0
09342,175.37295617993348,0
09343,198.63243209151307,0
09344,200.84645898275124,0
09345,202.26585320694036,0
09346,181.77727540060647,0
09347,223.79505795677466,0
09348,181.48708119914974,0
09349,176.3918170637611,0
09350,189.43597336456497,0
09351,225.5207193130338,0
09352,206.5444795884917,0
09353,216.13760891700286,0
09354,194.02827035059497,0
09355,193.4615239386964,0
09356,207.7759135154435,0
09357,212.22832365392233,0
09358,221.62848492441535,0
09359,185.7783599063219,0
09360,176.183571175731,0
09361,213.9319078969527,0
09362,224.88281346811237,0
09363,193.86642449312333,0
09364,211.00787842268508,0
09365,190.281510024545,0
09366,213.88408754269227,0
09367,200.5310650902678,0
09368,203.67811420685044,0
09369,216.8129287678974,0
09370,172.32322479137875,0
09371,199.9118863577565,0
09372,192.05648079448426,0
09373,215.19199100167893,0
09374,163.40515293070496,0
09375,199.70249947596247,0
09376,220.07892922153394,0
09377,184.45705029792845,0
09378,235.61772821480153,0
09379,189.45687343652023,0
09380,200.81383951679803,0
09381,208.71223192298743,0
09382,167.78997745945077,0
09383,193.19686022283673,0
09384,175.79366132495701,0
09385,160.4368629487347,0
09386,227.24865765218476,0
09387,193.43838499441122,0
09388,222.3069380356463,0
09389,201.54468989354987,0
09390,232.37048797465738,0
09391,218.07147117186045,0
09392,181.20166037709228,0
09393,225.73594000336664,0
09394,203.53183082558883,0
09395,222.62563610478844,0
09396,192.06449649565099,0
09397,213.19904906714592,0
09398,173.88621360717968,0
09399,209.90782683509542,0
09400,199.57552117629382,0
09401,196.76184810819925,0
09402,209.19274771307616,0
09403,231.98871885097464,0
09404,214.65798089317488,0
09405,194.23145399231447,0
09406,206.15998177741326,0
09407,257.309737235356,0
09408,213.73427826651863,1
09409,216.80079696080796,0
09410,207.44015111078537,0
09411,186.0970433458179,0
09412,204.90835399853265,0
09413,215.35225877750844,0
09414,201.49564049543403,0
09415,210.03019994138444,0
09416,212.49720294502256,0
09417,196.32359755357086,0
09418,204.95924873669105,0
09419,182.4337059854675,0
09420,226.00349852812047,0
09421,208.85906693815468,0
09422,189.8584691342537,0
09423,209.02912337895364,0
09424,227.2565769562622,0
09425,225.74484573176866,0
09426,229.47700259700673,0
09427,224.941040706161,0
09428,199.16785869267895,0
09429,229.33247020503634,0
09430,192.18157582553778,0
09431,186.38359977657262,0
09432,208.5174416812528,0
09433,241.54048770358827,0
09434,212.98996346861097,0
09435,215.71338512216096,0
09436,213.39059181228123,0
09437,241.50792476908282,0
09438,184.82290405823915,0
09439,223.91470195728485,0
09440,229.98878221430562,0
09441,182.90505311193527,0
09442,225.68706050605536,1
09443,197.68823997352655,0
09444,173.87515806336722,0
09445,180.1463426149483,0
09446,216.65864766492695,0
09447,211.28763126378908,0
09448,181.11478678520567,0
09449,206.7667072905875,0
09450,189.22206989186327,0
09451,208.8388087846982,0
09452,201.23327041297705,1
09453,235.30460303031919,0
09454,198.41605142345654,0
09455,218.78936257175516,0
09456,182.72154044076822,0
09457,242.06391232321553,0
09458,203.29680321208286,0
09459,192.75982080671244,0
09460,197.45709106463923,0
09461,171.6157747112523,0
09462,174.8891634060282,0
09463,216.73226844029,0
09464,199.1058536490048,0
09465,193.87450643197505,0
09466,185.5177268706192,0
09467,182.8560926220194,0
09468,217.44714946072318,0
09469,186.24769193338574,0
09470,225.02557097107658,0
09471,206.4562518890505,0
09472,257.3776916152619,0
09473,205.82276321543435,1
09474,216.2087024946285,0
09475,183.86275182839552,0
09476,207.4406085495841,0
09477,230.33597545627347,0
09478,213.84186954511853,0
09479,189.19765343111715,0
09480,214.53451976694302,0
09481,176.82806776796798,0
09482,220.03197908437517,0
09483,233.18013336947791,0
09484,219.52640414708472,0
09485,224.8939426111218,1
09486,188.18298307605426,0
09487,185.91716743008107,0
09488,195.50695775363513,0
09489,228.12031349588347,0
09490,217.61198437011865,0
09491,230.82918898659804,0
09492,204.20330462681753,0
09493,238.93672646935403,0
09494,215.76667571859142,0
09495,166.32549355124038,0
09496,209.00337200038038,0
09497,185.16906294468092,0
09498,220.1654095275253,0
09499,158.4603781791563,0
09500,219.8355814948237,0
09501,194.93616822537825,0
09502,223.9328615631108,0
09503,220.19879613514607,0
09504,160.26445677597772,0
09505,217.77579903137013,0
09506,221.55238072927045,0
09507,218.05648005267315,0
09508,209.57451101037222,0
09509,204.8142170361137,0
09510,187.74558889149418,0
09511,216.9481572310291,0
09512,191.30920267381373,0
09513,184.03842802660822,0
09514,218.34214514716584,0
09515,187.52246779320186,0
09516,206.35299392829896,0
09517,198.7911949990719,0
09518,196.54858862538487,0
09519,193.55511808890967,0
09520,167.86800761603303,0
09521,216.50383823148303,0
09522,161.13694936904628,0
09523,223.61514728721082,0
09524,188.11876455466574,0
09525,211.46591278321222,0
09526,182.17634038797675,0
09527,176.35916321371312,0
09528,194.5754383341077,0
09529,215.18702315873708,0
09530,207.91187369449005,0
09531,197.1120889128685,0
09532,177.16436077147947,0
09533,219.0672007482214,0
09534,212.89196347118352,0
09535,178.83113213963264,0
09536,177.55773431665025,0
09537,174.1709125603801,0
09538,191.15005130820953,0
09539,179.11404695101936,0
09540,168.20582290616335,0
09541,198.70711969636585,0
09542,200.46817806541213,1
09543,168.1466871469302,0
09544,239.4405326047079,0
09545,209.08442703601347,0
09546,211.85519426028858,0
09547,176.7999084754954,0
09548,184.4930025157331,0
09549,194.82767076161164,0
09550,201.5681026725505,0
09551,160.21498117699042,0
09552,227.74496473883374,0
09553,195.23581011523842,0
09554,187.25343891000438,0
09555,205.21445196985644,0
09556,206.10848882762582,0
09557,252.70053998762776,0
09558,193.37999908613136,0
09559,219.65928009922442,0
09560,186.11577779474845,0
09561,213.38001125956978,0
09562,198.40207309445876,0
09563,191.2261727929408,0
09564,186.41043337299803,0
09565,211.71563762336615,0
09566,178.94833443036725,0
09567,190.61891170479547,0
09568,200.5024051184638,0
09569,185.02605398495294,0
09570,211.42093012679393,0
09571,222.77800135601518,0
09572,205.50123114444236,1
09573,211.22395679683422,0
09574,194.94801613786112,0
09575,173.06450955774193,0
09576,207.23978428322482,0
09577,206.03968316295095,0
09578,216.94209569148362,0
09579,223.6476759577251,0
09580,217.08648556265908,0
09581,219.18363089775602,0
09582,171.90133261571495,0
09583,210.46131205721073,0
09584,210.53031323179385,0
09585,219.36750352126086,0
09586,205.15681665276156,0
09587,193.78075994084222,0
09588,216.20777392772982,0
09589,188.09918779166367,0
09590,203.792684594798,0
09591,223.7699192768226,0
09592,198.9439452759316,0
09593,208.85994931274053,1
09594,194.4698576065858,0
09595,201.14572026867,0
09596,186.4767027651098,0
09597,180.13492765314317,0
09598,180.0599244058443,0
09599,189.13050319001493,0
09600,213.17719084549105,0
09601,230.72493343738694,0
09602,209.06843779801812,0
09603,212.63593910362297,0
09604,221.19980175558482,0
09605,217.31210106104805,0
09606,202.47210458377432,0
09607,165.64226917300334,0
09608,204.02385401342144,0
09609,206.672200536524,0
09610,216.53520659293633,0
09611,186.68415429316775,0
09612,174.68559057982745,0
09613,192.50774366943247,0
09614,238.40504459208017,0
09615,215.48950776553414,0
09616,156.62366453115925,0
09617,188.69705757954657,0
09618,212.6707999958496,0
09619,175.0701216682176,0
09620,221.1863921410588,0
09621,200.3497229821187,0
09622,203.34947800014547,0
09623,164.60743342942501,0
09624,217.2080230959902,0
09625,225.25360999428875,0
09626,194.97890862435457,0
09627,222.22228186247892,0
09628,170.5521667726377,0
09629,191.86458454083782,0
09630,164.85487471759134,0
09631,201.69118324788414,0
09632,173.6021159766885,0
09633,191.7429340414402,0
09634,217.3299377192411,0
09635,208.90203928886424,0
09636,197.6564772184751,0
09637,193.28613854176967,0
09638,214.10848158153212,0
09639,174.91943808423758,0
09640,187.0750566474831,0
09641,186.6577396597992,0
09642,196.64010520268334,0
09643,232.08783073002328,0
09644,186.62362036678172,1
09645,235.5608094968572,0
09646,211.15831588972077,0
09647,176.83392266240378,0
09648,182.07757879730386,0
09649,188.00733062477076,0
09650,207.23242552162688,0
09651,170.08107767870345,0
09652,221.31389705824404,0
09653,216.6098466740253,0
09654,155.1556103278121,0
09655,213.5230073860933,0
09656,210.56298743538954,0
09657,197.69077639881323,0
09658,179.1874870163602,0
09659,189.18659493904073,0
09660,178.8325743572828,0
09661,184.27350539619965,0
09662,260.32585935198495,0
09663,165.59048468750936,0
09664,200.3034861512224,1
09665,200.30402572691486,0
09666,236.25163611908295,0
09667,236.55884756861875,0
09668,250.29061585442105,0
09669,194.71478943485778,0
09670,200.71546612813066,0
09671,209.3365079567114,0
09672,189.77762971338979,0
09673,240.33544051499706,0
09674,235.67785523951994,0
09675,207.26081692341722,1
09676,183.34264618388437,0
09677,204.29322083495518,0
09678,192.6775840297339,0
09679,188.20729629239332,0
09680,207.10003834909756,0
09681,166.07440286793502,0
09682,202.2246979740956,0
09683,201.63884284461398,0
09684,205.48365763950358,0
09685,186.86272187384068,0
09686,196.75823937116894,0
09687,189.2154252754803,0
09688,153.29751186988665,0
09689,208.70263844349574,0
09690,199.83478560426718,0
09691,187.94410157856814,0
09692,221.22137353584426,0
09693,230.88313585378162,0
09694,206.71067598705065,0
09695,202.23225214938782,0
09696,198.73005970905837,0
09697,183.7330894480524,0
09698,191.42327254931544,0
09699,201.99503462532178,0
09700,207.63034603596776,0
09701,231.62314656325532,0
09702,191.81973772503235,0
09703,203.34250714619523,0
09704,159.3679709437951,0
09705,183.77660716712904,0
09706,211.73414508720055,0
09707,189.56260102797543,0
09708,192.64352968884873,0
09709,223.21746362154084,0
09710,189.24970697747727,0
09711,195.58806701560732,0
09712,214.79081111020923,0
09713,226.42232126040136,1
09714,144.85099237560834,0
09715,143.8292636069008,0
09716,210.93294789516904,0
09717,216.34587483674616,0
09718,192.29130720981297,0
09719,161.93697842287702,0
09720,199.19429397167823,0
09721,199.13679651401034,0
09722,178.8285353489282,0
09723,235.72607417293167,0
09724,231.655423514002,0
09725,193.55213833998863,0
09726,235.35804722523852,0
09727,184.722073926964,0
09728,173.06512387510702,0
09729,202.84754935645003,0
09730,191.30406280516476,0
09731,218.78973698494352,0
09732,243.15825685362518,0
09733,240.28760805734152,0
09734,219.93839995436107,0
09735,193.54849816008118,0
09736,199.0273864772507,0
09737,199.23390612256966,0
09738,182.54248058825695,1
09739,153.72778416017928,0
09740,192.80773296000774,0
09741,214.43362405618325,0
09742,184.92911056558003,0
09743,192.674280809002,0
09744,205.16872657120985,0
09745,220.0466584060624,0
09746,159.9905861456716,0
09747,191.52089344546903,0
09748,187.4399531709324,0
09749,186.0745407994233,0
09750,208.03949859127206,0
09751,231.54237859989473,0
09752,166.25917510740442,0
09753,187.83052931067962,0
09754,191.88345423498015,0
09755,187.11690961607806,0
09756,183.69600364970202,0
09757,234.34096630736178,0
09758,239.2237954695287,0
09759,195.67323949831336,0
09760,191.0545475079756,0
09761,226.5571327196709,0
09762,200.44823934119233,0
09763,253.05685665932398,0
09764,211.3665907352431,0
09765,203.88767051701666,0
09766,169.72788172299175,0
09767,212.90734270090732,0
09768,188.90915621668864,0
09769,197.17404229107083,0
09770,181.7420472294546,0
09771,174.04324578837134,0
09772,186.0903858021891,0
09773,215.7310642228821,0
09774,260.280128464047,0
09775,214.00287152842978,0
09776,161.53651700778505,0
09777,183.705273905021,0
09778,200.81895473561164,0
09779,163.8160436677494,0
09780,250.5999535441347,0
09781,200.6853249128424,0
09782,216.6771857063568,0
09783,184.3442668748113,0
09784,188.9267079364892,0
09785,200.9812488040419,0
09786,224.2985906967181,0
09787,179.58780495365957,0
09788,211.82637283630325,0
09789,240.28462376421237,0
09790,176.1226899725741,0
09791,195.19157054291114,0
09792,205.8803192935983,0
09793,187.95696345078494,0
09794,186.79793297649286,0
09795,179.7113750780544,0
09796,162.89018442943174,0
09797,185.00385047191034,0
09798,204.76174071166125,0
09799,213.66139809238163,0
09800,196.07797461900182,0
09801,187.34529476819336,0
09802,161.16679721334984,0
09803,224.58158362712769,0
09804,201.443841583974,0
09805,215.2243089908367,0
09806,200.94703105490817,0
09807,191.21546488077513,0
09808,194.13301856837958,0
09809,192.02707272485785,0
09810,216.00931842367223,1
09811,194.7354073279849,0
09812,218.8424875414533,0
09813,211.83862659313658,0
09814,189.0476756143346,0
09815,154.31790238945982,0
09816,187.97590845472791,0
09817,178.2467284540459,0
09818,211.15337970874904,0
09819,192.94598156512836,0
09820,200.37358616277245,0
09821,190.49050686693835,0
09822,192.35997499064325,0
09823,215.55092798325327,0
09824,189.04851438827973,0
09825,235.89495290005527,0
09826,230.0068321009101,0
09827,211.0229018515196,0
09828,220.14995183396397,0
09829,188.64360726689142,0
09830,225.23548735860325,0
09831,202.75855038547346,0
09832,213.7060165146731,0
09833,168.57479192437634,0
09834,199.87203633324862,0
09835,222.74722359707843,0
09836,207.30507047156874,0
09837,217.16356210575108,0
09838,201.28020959412282,0
09839,208.4101414141176,0
09840,193.55251816023673,0
09841,189.69980001278876,0
09842,203.7898363093663,0
09843,189.1903211055348,0
09844,220.07882097138184,0
09845,222.4459603481031,0
09846,184.916251028203,0
09847,191.25091992572194,0
09848,219.55857589450142,0
09849,199.12314623506936,0
09850,199.66801323032703,0
09851,212.62743143095605,0
09852,209.27549866683628,0
09853,213.8677009365411,0
09854,187.18362763391502,0
09855,187.04391647859794,0
09856,157.3830074220933,0
09857,168.5368867240119,0
09858,226.06846109315282,0
09859,195.9434805714465,0
09860,197.0566309882847,0
09861,202.72501129093223,0
09862,220.72844235680716,0
09863,182.39086734299508,0
09864,208.79987142940152,0
09865,175.359238225448,0
09866,179.8286970975295,0
09867,176.40799282724936,0
09868,241.70436515082983,0
09869,213.82902339961947,0
09870,209.51309106325752,0
09871,175.5272715788154,0
09872,200.1331729418966,0
09873,205.157752742435,0
09874,213.7225259200545,0
09875,192.3354393104492,0
09876,193.5980088990722,0
09877,197.17640581856054,0
09878,208.46077022338665,0
09879,210.7934975623087,0
09880,192.53351221841876,0
09881,243.67971841881598,0
09882,225.66612898963112,0
09883,195.5585266870083,0
09884,231.85070175557007,0
09885,192.83267582293195,0
09886,220.22241884608732,0
09887,204.24693716017032,0
09888,171.72949541434087,0
09889,192.61830224527858,0
09890,197.1642450101654,1
09891,194.96017439043442,0
09892,189.3060516335045,0
09893,181.2850484359858,1
09894,161.4605696269004,0
09895,216.2073234486739,0
09896,178.39509729034822,0
09897,209.19847739960238,0
09898,170.15708409199937,0
09899,204.0845049877989,0
09900,205.43176129487279,0
09901,198.0257313258054,0
09902,221.07817061100155,0
09903,204.82450215338196,0
09904,207.27899574766099,0
09905,221.662469094139,0
09906,217.35646854493362,0
09907,177.1378695455382,0
09908,197.20722361432885,0
09909,201.99759352499635,1
09910,172.94154915513525,0
09911,243.28624929525142,0
09912,182.16619850700891,0
09913,229.8331820862916,1
09914,202.82965055086598,0
09915,188.39704637728013,0
09916,187.76664896563463,0
09917,225.4765994297205,0
09918,202.89753696453664,0
09919,181.31032925293835,0
09920,226.9252285149145,0
09921,196.72464122511278,0
09922,220.71601870007012,0
09923,206.19818701371696,0
09924,223.2269379495004,0
09925,216.45937728587407,0
09926,240.50546528028644,0
09927,214.9544224649913,0
09928,207.26537791173905,0
09929,231.92083449304113,0
09930,164.0947495561702,1
09931,185.6512942140376,0
09932,185.3793183928096,0
09933,240.7568827872212,0
09934,198.55291575258124,0
09935,244.74232871698592,0
09936,168.16311965205423,0
09937,215.3750170751667,0
09938,172.7697614385082,0
09939,166.32428132192382,0
09940,191.04240813113734,0
09941,167.4510603667551,0
09942,195.39467390449622,0
09943,207.23854775476602,0
09944,205.77660952666716,0
09945,216.22353006555298,0
09946,208.1435747262658,0
09947,243.07070094951797,0
09948,228.57144570701365,0
09949,201.19377704361355,0
09950,200.65056090528034,0
09951,226.15548585506332,0
09952,213.61038736580593,0
09953,198.16984100912939,0
09954,190.74195321862015,0
09955,193.9746017441216,0
09956,212.1761725417165,0
09957,198.1097987069606,0
09958,199.14079463558457,0
09959,198.63600900049428,0
09960,196.57799297472465,0
09961,200.98722771935445,0
09962,206.82449497097687,0
09963,195.20377914804683,0
09964,178.0789684927722,0
09965,202.04627374014373,0
09966,197.26039741254436,0
09967,181.52170506528552,0
09968,216.07419081272076,0
09969,223.93904812210843,0
09970,181.1239693372845,0
09971,211.21333413410323,0
09972,205.0639285119737,0
09973,174.66337744898877,0
09974,265.02426794753904,0
09975,208.10535958112257,0
09976,190.2690374621513,0
09977,207.835599961317,0
09978,183.78480869284496,0
09979,219.98808103745168,0
09980,195.5904491678028,0
09981,183.4131039261241,0
09982,186.5638388175728,0
09983,197.3263094863757,0
09984,235.33124700171902,0
09985,193.69445186073781,0
09986,191.74278357038267,0
09987,206.8212533874635,0
09988,206.772910169046,0
09989,202.18916159386134,0
09990,221.35237744780073,0
09991,180.05503517833057,0
09992,186.6141698673252,0
09993,221.77599815782415,0
09994,200.999424625124,0
09995,211.95654831892608,0
09996,216.27632852359116,0
09997,216.45281803988289,0
09998,205.10764569505017,0
09999,205.61486999110673,0
10000,196.7352429998833,0
